model,recall,precision
VGG16,1.0,0.625
VGG16,1.0,0.6260032102728732
VGG16,1.0,0.6270096463022508
VGG16,1.0,0.6280193236714976
VGG16,1.0,0.6290322580645161
VGG16,1.0,0.630048465266559
VGG16,1.0,0.6310679611650486
VGG16,1.0,0.6320907617504052
VGG16,1.0,0.6331168831168831
VGG16,1.0,0.6341463414634146
VGG16,1.0,0.6351791530944625
VGG16,1.0,0.636215334420881
VGG16,1.0,0.6372549019607843
VGG16,1.0,0.6382978723404256
VGG16,1.0,0.639344262295082
VGG16,1.0,0.6403940886699507
VGG16,1.0,0.6414473684210527
VGG16,1.0,0.642504118616145
VGG16,1.0,0.6435643564356436
VGG16,1.0,0.6446280991735537
VGG16,0.9974358974358974,0.6440397350993378
VGG16,0.9974358974358974,0.6451077943615257
VGG16,0.9974358974358974,0.6461794019933554
VGG16,0.9974358974358974,0.6472545757071547
VGG16,0.9974358974358974,0.6483333333333333
VGG16,0.9974358974358974,0.6494156928213689
VGG16,0.9974358974358974,0.6505016722408027
VGG16,0.9974358974358974,0.6515912897822446
VGG16,0.9974358974358974,0.6526845637583892
VGG16,0.9974358974358974,0.653781512605042
VGG16,0.9974358974358974,0.6548821548821548
VGG16,0.9974358974358974,0.6559865092748736
VGG16,0.9974358974358974,0.6570945945945946
VGG16,0.9974358974358974,0.6582064297800339
VGG16,0.9974358974358974,0.6593220338983051
VGG16,0.9974358974358974,0.6604414261460102
VGG16,0.9974358974358974,0.6615646258503401
VGG16,0.9974358974358974,0.6626916524701874
VGG16,0.9974358974358974,0.6638225255972696
VGG16,0.9974358974358974,0.6649572649572649
VGG16,0.9974358974358974,0.666095890410959
VGG16,0.9974358974358974,0.6672384219554031
VGG16,0.9974358974358974,0.6683848797250859
VGG16,0.9974358974358974,0.6695352839931153
VGG16,0.9974358974358974,0.6706896551724137
VGG16,0.9974358974358974,0.6718480138169257
VGG16,0.9974358974358974,0.6730103806228374
VGG16,0.9974358974358974,0.6741767764298093
VGG16,0.9974358974358974,0.6753472222222222
VGG16,0.9974358974358974,0.6765217391304348
VGG16,0.9974358974358974,0.6777003484320557
VGG16,0.9974358974358974,0.6788830715532286
VGG16,0.9974358974358974,0.6800699300699301
VGG16,0.9974358974358974,0.681260945709282
VGG16,0.9974358974358974,0.6824561403508772
VGG16,0.9974358974358974,0.6836555360281195
VGG16,0.9974358974358974,0.6848591549295775
VGG16,0.9974358974358974,0.6860670194003528
VGG16,0.9974358974358974,0.6872791519434629
VGG16,0.9974358974358974,0.6884955752212389
VGG16,0.9974358974358974,0.6897163120567376
VGG16,0.9974358974358974,0.6909413854351687
VGG16,0.9974358974358974,0.6921708185053381
VGG16,0.9974358974358974,0.6934046345811051
VGG16,0.9974358974358974,0.6946428571428571
VGG16,0.9974358974358974,0.6958855098389982
VGG16,0.9974358974358974,0.6971326164874552
VGG16,0.9974358974358974,0.6983842010771992
VGG16,0.9974358974358974,0.6996402877697842
VGG16,0.9974358974358974,0.7009009009009008
VGG16,0.9974358974358974,0.7021660649819494
VGG16,0.9974358974358974,0.7034358047016275
VGG16,0.9974358974358974,0.7047101449275363
VGG16,0.9974358974358974,0.705989110707804
VGG16,0.9974358974358974,0.7072727272727273
VGG16,0.9974358974358974,0.7085610200364298
VGG16,0.9974358974358974,0.7098540145985401
VGG16,0.9974358974358974,0.7111517367458866
VGG16,0.9974358974358974,0.7124542124542125
VGG16,0.9974358974358974,0.7137614678899082
VGG16,0.9974358974358974,0.7150735294117647
VGG16,0.9974358974358974,0.716390423572744
VGG16,0.9974358974358974,0.7177121771217713
VGG16,0.9974358974358974,0.7190388170055453
VGG16,0.9974358974358974,0.7203703703703703
VGG16,0.9974358974358974,0.7217068645640075
VGG16,0.9974358974358974,0.7230483271375465
VGG16,0.9974358974358974,0.7243947858472998
VGG16,0.9974358974358974,0.7257462686567164
VGG16,0.9974358974358974,0.7271028037383177
VGG16,0.9974358974358974,0.7284644194756554
VGG16,0.9974358974358974,0.7298311444652908
VGG16,0.9974358974358974,0.731203007518797
VGG16,0.9974358974358974,0.7325800376647834
VGG16,0.9974358974358974,0.7339622641509433
VGG16,0.9974358974358974,0.7353497164461248
VGG16,0.9974358974358974,0.7367424242424242
VGG16,0.9974358974358974,0.7381404174573055
VGG16,0.9974358974358974,0.7395437262357415
VGG16,0.9974358974358974,0.7409523809523809
VGG16,0.9974358974358974,0.7423664122137404
VGG16,0.9974358974358974,0.7437858508604207
VGG16,0.9974358974358974,0.7452107279693486
VGG16,0.9974358974358974,0.746641074856046
VGG16,0.9974358974358974,0.7480769230769231
VGG16,0.9974358974358974,0.7495183044315993
VGG16,0.9974358974358974,0.750965250965251
VGG16,0.9974358974358974,0.7524177949709865
VGG16,0.9974358974358974,0.7538759689922481
VGG16,0.9974358974358974,0.7568093385214008
VGG16,0.9974358974358974,0.7582846003898636
VGG16,0.9974358974358974,0.759765625
VGG16,0.9974358974358974,0.761252446183953
VGG16,0.9974358974358974,0.7627450980392156
VGG16,0.9974358974358974,0.7642436149312377
VGG16,0.9974358974358974,0.765748031496063
VGG16,0.9974358974358974,0.7672583826429981
VGG16,0.9974358974358974,0.7687747035573123
VGG16,0.9974358974358974,0.7702970297029703
VGG16,0.9974358974358974,0.7718253968253969
VGG16,0.9974358974358974,0.7733598409542743
VGG16,0.9974358974358974,0.7764471057884231
VGG16,0.9974358974358974,0.778
VGG16,0.9948717948717949,0.7775551102204409
VGG16,0.9948717948717949,0.7791164658634538
VGG16,0.9948717948717949,0.7806841046277666
VGG16,0.9948717948717949,0.782258064516129
VGG16,0.9948717948717949,0.7838383838383839
VGG16,0.9923076923076923,0.7834008097165992
VGG16,0.9923076923076923,0.7849898580121704
VGG16,0.9923076923076923,0.7865853658536586
VGG16,0.9923076923076923,0.7881873727087576
VGG16,0.9923076923076923,0.789795918367347
VGG16,0.9897435897435898,0.7893660531697342
VGG16,0.9897435897435898,0.7909836065573771
VGG16,0.9897435897435898,0.7926078028747433
VGG16,0.9897435897435898,0.7942386831275721
VGG16,0.9897435897435898,0.7958762886597938
VGG16,0.9897435897435898,0.7975206611570248
VGG16,0.9897435897435898,0.7991718426501035
VGG16,0.9897435897435898,0.8008298755186722
VGG16,0.9897435897435898,0.8024948024948025
VGG16,0.9897435897435898,0.8041666666666667
VGG16,0.9897435897435898,0.8058455114822547
VGG16,0.9897435897435898,0.8075313807531381
VGG16,0.9897435897435898,0.8092243186582809
VGG16,0.9897435897435898,0.8109243697478992
VGG16,0.9897435897435898,0.8126315789473684
VGG16,0.9897435897435898,0.8143459915611815
VGG16,0.9871794871794872,0.813953488372093
VGG16,0.9871794871794872,0.815677966101695
VGG16,0.9871794871794872,0.8174097664543525
VGG16,0.9871794871794872,0.8191489361702128
VGG16,0.9871794871794872,0.8208955223880597
VGG16,0.9846153846153847,0.8205128205128205
VGG16,0.9846153846153847,0.8222698072805139
VGG16,0.9846153846153847,0.8240343347639485
VGG16,0.9846153846153847,0.8258064516129032
VGG16,0.9846153846153847,0.8275862068965517
VGG16,0.9846153846153847,0.8293736501079914
VGG16,0.9846153846153847,0.8311688311688312
VGG16,0.9846153846153847,0.8329718004338394
VGG16,0.9846153846153847,0.8347826086956521
VGG16,0.9846153846153847,0.8366013071895425
VGG16,0.9846153846153847,0.8384279475982532
VGG16,0.9846153846153847,0.8402625820568927
VGG16,0.9846153846153847,0.843956043956044
VGG16,0.9846153846153847,0.8458149779735683
VGG16,0.982051282051282,0.8454746136865342
VGG16,0.982051282051282,0.8473451327433629
VGG16,0.982051282051282,0.8492239467849224
VGG16,0.982051282051282,0.8511111111111112
VGG16,0.982051282051282,0.8530066815144766
VGG16,0.982051282051282,0.8549107142857143
VGG16,0.9794871794871794,0.854586129753915
VGG16,0.9794871794871794,0.8565022421524664
VGG16,0.9794871794871794,0.8584269662921349
VGG16,0.9794871794871794,0.8603603603603603
VGG16,0.9769230769230769,0.8600451467268623
VGG16,0.9743589743589743,0.8597285067873304
VGG16,0.9743589743589743,0.8616780045351474
VGG16,0.9743589743589743,0.8636363636363636
VGG16,0.9743589743589743,0.8656036446469249
VGG16,0.9743589743589743,0.867579908675799
VGG16,0.9743589743589743,0.8695652173913043
VGG16,0.9717948717948718,0.8692660550458715
VGG16,0.9717948717948718,0.871264367816092
VGG16,0.9717948717948718,0.8732718894009217
VGG16,0.9717948717948718,0.8752886836027713
VGG16,0.9717948717948718,0.8773148148148148
VGG16,0.9717948717948718,0.8793503480278422
VGG16,0.9717948717948718,0.8813953488372093
VGG16,0.9717948717948718,0.8834498834498834
VGG16,0.9692307692307692,0.883177570093458
VGG16,0.9666666666666667,0.882903981264637
VGG16,0.9641025641025641,0.8826291079812206
VGG16,0.9615384615384616,0.8823529411764706
VGG16,0.958974358974359,0.8820754716981132
VGG16,0.9564102564102565,0.8817966903073287
VGG16,0.9564102564102565,0.8838862559241706
VGG16,0.9538461538461539,0.8836104513064132
VGG16,0.9538461538461539,0.8857142857142857
VGG16,0.9512820512820512,0.8854415274463007
VGG16,0.9487179487179487,0.8851674641148325
VGG16,0.9487179487179487,0.8872901678657075
VGG16,0.9461538461538461,0.8870192307692307
VGG16,0.9461538461538461,0.8891566265060241
VGG16,0.9435897435897436,0.8888888888888888
VGG16,0.9435897435897436,0.8910411622276029
VGG16,0.9435897435897436,0.8932038834951457
VGG16,0.941025641025641,0.8929440389294404
VGG16,0.9384615384615385,0.8926829268292683
VGG16,0.9384615384615385,0.8948655256723717
VGG16,0.9358974358974359,0.8946078431372549
VGG16,0.9358974358974359,0.8968058968058968
VGG16,0.9333333333333333,0.896551724137931
VGG16,0.9333333333333333,0.8987654320987655
VGG16,0.9333333333333333,0.900990099009901
VGG16,0.9333333333333333,0.9032258064516129
VGG16,0.9333333333333333,0.9054726368159204
VGG16,0.9333333333333333,0.9077306733167082
VGG16,0.9307692307692308,0.9075
VGG16,0.9282051282051282,0.9072681704260651
VGG16,0.9256410256410257,0.907035175879397
VGG16,0.9256410256410257,0.9093198992443325
VGG16,0.9256410256410257,0.9116161616161617
VGG16,0.9256410256410257,0.9139240506329114
VGG16,0.9256410256410257,0.916243654822335
VGG16,0.9256410256410257,0.9185750636132316
VGG16,0.9230769230769231,0.9183673469387755
VGG16,0.9230769230769231,0.9207161125319693
VGG16,0.9230769230769231,0.9230769230769231
VGG16,0.9205128205128205,0.922879177377892
VGG16,0.9205128205128205,0.9252577319587629
VGG16,0.9179487179487179,0.9250645994832042
VGG16,0.9153846153846154,0.9248704663212435
VGG16,0.9128205128205128,0.9246753246753247
VGG16,0.9102564102564102,0.9244791666666666
VGG16,0.9102564102564102,0.9268929503916449
VGG16,0.9076923076923077,0.9267015706806283
VGG16,0.9051282051282051,0.926509186351706
VGG16,0.9025641025641026,0.9263157894736842
VGG16,0.9,0.9261213720316622
VGG16,0.9,0.9285714285714286
VGG16,0.8974358974358975,0.9283819628647215
VGG16,0.8948717948717949,0.9281914893617021
VGG16,0.8923076923076924,0.928
VGG16,0.8923076923076924,0.93048128342246
VGG16,0.8897435897435897,0.9302949061662198
VGG16,0.8871794871794871,0.9301075268817204
VGG16,0.8846153846153846,0.9299191374663073
VGG16,0.882051282051282,0.9297297297297298
VGG16,0.882051282051282,0.9322493224932249
VGG16,0.882051282051282,0.9347826086956522
VGG16,0.882051282051282,0.9373297002724795
VGG16,0.8794871794871795,0.9371584699453552
VGG16,0.8769230769230769,0.936986301369863
VGG16,0.8743589743589744,0.9368131868131868
VGG16,0.8717948717948718,0.9366391184573003
VGG16,0.8692307692307693,0.93646408839779
VGG16,0.8666666666666667,0.9362880886426593
VGG16,0.8641025641025641,0.9361111111111111
VGG16,0.8615384615384616,0.935933147632312
VGG16,0.8589743589743589,0.9357541899441341
VGG16,0.8564102564102564,0.9355742296918768
VGG16,0.8538461538461538,0.9353932584269663
VGG16,0.8512820512820513,0.9352112676056338
VGG16,0.8487179487179487,0.9350282485875706
VGG16,0.8487179487179487,0.9376770538243626
VGG16,0.8461538461538461,0.9375
VGG16,0.8435897435897436,0.9373219373219374
VGG16,0.8435897435897436,0.94
VGG16,0.841025641025641,0.9398280802292264
VGG16,0.8384615384615385,0.9396551724137931
VGG16,0.8358974358974359,0.9394812680115274
VGG16,0.8333333333333334,0.9393063583815029
VGG16,0.8307692307692308,0.9391304347826087
VGG16,0.8282051282051283,0.938953488372093
VGG16,0.8256410256410256,0.9387755102040817
VGG16,0.823076923076923,0.9385964912280702
VGG16,0.8205128205128205,0.9384164222873901
VGG16,0.8179487179487179,0.9382352941176471
VGG16,0.8153846153846154,0.9380530973451328
VGG16,0.8128205128205128,0.9378698224852071
VGG16,0.8102564102564103,0.9376854599406528
VGG16,0.8076923076923077,0.9375
VGG16,0.8051282051282052,0.9373134328358209
VGG16,0.8051282051282052,0.9401197604790419
VGG16,0.8025641025641026,0.93993993993994
VGG16,0.8,0.9397590361445783
VGG16,0.7974358974358975,0.9395770392749244
VGG16,0.7974358974358975,0.9424242424242424
VGG16,0.7948717948717948,0.9422492401215805
VGG16,0.7923076923076923,0.9420731707317073
VGG16,0.7897435897435897,0.9418960244648318
VGG16,0.7871794871794872,0.941717791411043
VGG16,0.7871794871794872,0.9446153846153846
VGG16,0.7846153846153846,0.9444444444444444
VGG16,0.782051282051282,0.9442724458204335
VGG16,0.7794871794871795,0.9440993788819876
VGG16,0.7794871794871795,0.9470404984423676
VGG16,0.7769230769230769,0.946875
VGG16,0.7743589743589744,0.9467084639498433
VGG16,0.7717948717948718,0.9465408805031447
VGG16,0.7692307692307693,0.9463722397476341
VGG16,0.7666666666666667,0.9462025316455697
VGG16,0.764102564102564,0.946031746031746
VGG16,0.7615384615384615,0.945859872611465
VGG16,0.7589743589743589,0.9456869009584664
VGG16,0.7564102564102564,0.9455128205128205
VGG16,0.7538461538461538,0.9453376205787781
VGG16,0.7512820512820513,0.9451612903225807
VGG16,0.7487179487179487,0.9449838187702265
VGG16,0.7487179487179487,0.948051948051948
VGG16,0.7461538461538462,0.9478827361563518
VGG16,0.7435897435897436,0.9477124183006536
VGG16,0.7410256410256411,0.9475409836065574
VGG16,0.7384615384615385,0.9473684210526315
VGG16,0.735897435897436,0.9471947194719472
VGG16,0.7333333333333333,0.9470198675496688
VGG16,0.7307692307692307,0.946843853820598
VGG16,0.7282051282051282,0.9466666666666667
VGG16,0.7256410256410256,0.9464882943143813
VGG16,0.7230769230769231,0.9463087248322147
VGG16,0.7205128205128205,0.9461279461279462
VGG16,0.717948717948718,0.9459459459459459
VGG16,0.7153846153846154,0.9457627118644067
VGG16,0.7128205128205128,0.9455782312925171
VGG16,0.7102564102564103,0.9453924914675768
VGG16,0.7076923076923077,0.9452054794520548
VGG16,0.7051282051282052,0.9450171821305842
VGG16,0.7025641025641025,0.9448275862068966
VGG16,0.7,0.9446366782006921
VGG16,0.6974358974358974,0.9444444444444444
VGG16,0.6948717948717948,0.9442508710801394
VGG16,0.6923076923076923,0.9440559440559441
VGG16,0.6897435897435897,0.9438596491228071
VGG16,0.6871794871794872,0.9436619718309859
VGG16,0.6846153846153846,0.9434628975265018
VGG16,0.6846153846153846,0.9468085106382979
VGG16,0.6820512820512821,0.9466192170818505
VGG16,0.6820512820512821,0.95
VGG16,0.6794871794871795,0.9498207885304659
VGG16,0.676923076923077,0.9496402877697842
VGG16,0.6743589743589744,0.9494584837545126
VGG16,0.6717948717948717,0.9492753623188406
VGG16,0.6692307692307692,0.9490909090909091
VGG16,0.6666666666666666,0.948905109489051
VGG16,0.6641025641025641,0.9487179487179487
VGG16,0.6615384615384615,0.9485294117647058
VGG16,0.658974358974359,0.948339483394834
VGG16,0.6564102564102564,0.9481481481481482
VGG16,0.6538461538461539,0.9479553903345725
VGG16,0.6512820512820513,0.9477611940298507
VGG16,0.6487179487179487,0.947565543071161
VGG16,0.6461538461538462,0.9473684210526315
VGG16,0.6461538461538462,0.9509433962264151
VGG16,0.6461538461538462,0.9545454545454546
VGG16,0.6435897435897436,0.9543726235741445
VGG16,0.6384615384615384,0.9540229885057471
VGG16,0.6358974358974359,0.9538461538461539
VGG16,0.6307692307692307,0.9534883720930233
VGG16,0.6282051282051282,0.953307392996109
VGG16,0.6256410256410256,0.953125
VGG16,0.6230769230769231,0.9529411764705882
VGG16,0.6205128205128205,0.952755905511811
VGG16,0.617948717948718,0.9525691699604744
VGG16,0.6153846153846154,0.9523809523809523
VGG16,0.6128205128205129,0.952191235059761
VGG16,0.6102564102564103,0.952
VGG16,0.6076923076923076,0.9518072289156626
VGG16,0.6051282051282051,0.9516129032258065
VGG16,0.6025641025641025,0.951417004048583
VGG16,0.6,0.9512195121951219
VGG16,0.6,0.9551020408163265
VGG16,0.5974358974358974,0.9549180327868853
VGG16,0.5948717948717949,0.9547325102880658
VGG16,0.5923076923076923,0.9545454545454546
VGG16,0.5897435897435898,0.9543568464730291
VGG16,0.5871794871794872,0.9541666666666667
VGG16,0.5846153846153846,0.9539748953974896
VGG16,0.5820512820512821,0.9537815126050421
VGG16,0.5820512820512821,0.9578059071729957
VGG16,0.5794871794871795,0.9576271186440678
VGG16,0.5794871794871795,0.9617021276595744
VGG16,0.5769230769230769,0.9615384615384616
VGG16,0.5743589743589743,0.9613733905579399
VGG16,0.5717948717948718,0.9612068965517241
VGG16,0.5692307692307692,0.961038961038961
VGG16,0.5666666666666667,0.9608695652173913
VGG16,0.5641025641025641,0.9606986899563319
VGG16,0.5641025641025641,0.9649122807017544
VGG16,0.5615384615384615,0.9647577092511013
VGG16,0.558974358974359,0.9646017699115044
VGG16,0.5564102564102564,0.9644444444444444
VGG16,0.5538461538461539,0.9642857142857143
VGG16,0.5512820512820513,0.9641255605381166
VGG16,0.5487179487179488,0.963963963963964
VGG16,0.5461538461538461,0.9638009049773756
VGG16,0.5435897435897435,0.9636363636363636
VGG16,0.541025641025641,0.9634703196347032
VGG16,0.5384615384615384,0.963302752293578
VGG16,0.5358974358974359,0.9631336405529954
VGG16,0.5333333333333333,0.9629629629629629
VGG16,0.5307692307692308,0.9627906976744186
VGG16,0.5282051282051282,0.9626168224299065
VGG16,0.5256410256410257,0.9624413145539906
VGG16,0.5230769230769231,0.9622641509433962
VGG16,0.5205128205128206,0.9620853080568721
VGG16,0.517948717948718,0.9619047619047619
VGG16,0.5153846153846153,0.9617224880382775
VGG16,0.5128205128205128,0.9615384615384616
VGG16,0.5102564102564102,0.961352657004831
VGG16,0.5076923076923077,0.9611650485436893
VGG16,0.5051282051282051,0.9609756097560975
VGG16,0.5025641025641026,0.9607843137254902
VGG16,0.5,0.9605911330049262
VGG16,0.49743589743589745,0.9603960396039604
VGG16,0.4948717948717949,0.9601990049751243
VGG16,0.49230769230769234,0.96
VGG16,0.4897435897435897,0.9597989949748744
VGG16,0.48717948717948717,0.9595959595959596
VGG16,0.4846153846153846,0.9593908629441624
VGG16,0.4846153846153846,0.9642857142857143
VGG16,0.48205128205128206,0.9641025641025641
VGG16,0.4794871794871795,0.9639175257731959
VGG16,0.47692307692307695,0.9637305699481865
VGG16,0.47435897435897434,0.9635416666666666
VGG16,0.4717948717948718,0.9633507853403142
VGG16,0.46923076923076923,0.9631578947368421
VGG16,0.4666666666666667,0.9629629629629629
VGG16,0.4641025641025641,0.9627659574468085
VGG16,0.46153846153846156,0.9625668449197861
VGG16,0.45897435897435895,0.9623655913978495
VGG16,0.4564102564102564,0.9621621621621622
VGG16,0.45384615384615384,0.9619565217391305
VGG16,0.4512820512820513,0.9617486338797814
VGG16,0.44871794871794873,0.9615384615384616
VGG16,0.4461538461538462,0.9613259668508287
VGG16,0.44358974358974357,0.9611111111111111
VGG16,0.441025641025641,0.9608938547486033
VGG16,0.43846153846153846,0.9606741573033708
VGG16,0.4358974358974359,0.96045197740113
VGG16,0.43333333333333335,0.9602272727272727
VGG16,0.43333333333333335,0.9657142857142857
VGG16,0.4307692307692308,0.9655172413793104
VGG16,0.4282051282051282,0.9653179190751445
VGG16,0.4256410256410256,0.9651162790697675
VGG16,0.4230769230769231,0.9649122807017544
VGG16,0.4205128205128205,0.9647058823529412
VGG16,0.41794871794871796,0.9644970414201184
VGG16,0.41794871794871796,0.9702380952380952
VGG16,0.4153846153846154,0.9700598802395209
VGG16,0.4128205128205128,0.9698795180722891
VGG16,0.41025641025641024,0.9696969696969697
VGG16,0.4076923076923077,0.9695121951219512
VGG16,0.40512820512820513,0.9693251533742331
VGG16,0.4025641025641026,0.9691358024691358
VGG16,0.4,0.968944099378882
VGG16,0.3974358974358974,0.96875
VGG16,0.39487179487179486,0.9685534591194969
VGG16,0.3923076923076923,0.9683544303797469
VGG16,0.38974358974358975,0.9681528662420382
VGG16,0.3871794871794872,0.967948717948718
VGG16,0.38461538461538464,0.967741935483871
VGG16,0.382051282051282,0.9675324675324676
VGG16,0.37948717948717947,0.9673202614379085
VGG16,0.37948717948717947,0.9736842105263158
VGG16,0.3769230769230769,0.9735099337748344
VGG16,0.37435897435897436,0.9733333333333334
VGG16,0.3717948717948718,0.9731543624161074
VGG16,0.36923076923076925,0.972972972972973
VGG16,0.36666666666666664,0.9727891156462585
VGG16,0.3641025641025641,0.9726027397260274
VGG16,0.36153846153846153,0.9724137931034482
VGG16,0.358974358974359,0.9722222222222222
VGG16,0.3564102564102564,0.972027972027972
VGG16,0.35384615384615387,0.971830985915493
VGG16,0.35128205128205126,0.9716312056737588
VGG16,0.3487179487179487,0.9714285714285714
VGG16,0.34615384615384615,0.9712230215827338
VGG16,0.3435897435897436,0.9710144927536232
VGG16,0.34102564102564104,0.9708029197080292
VGG16,0.3384615384615385,0.9705882352941176
VGG16,0.33589743589743587,0.9703703703703703
VGG16,0.3333333333333333,0.9701492537313433
VGG16,0.33076923076923076,0.9699248120300752
VGG16,0.3282051282051282,0.9696969696969697
VGG16,0.32564102564102565,0.9694656488549618
VGG16,0.3230769230769231,0.9692307692307692
VGG16,0.32051282051282054,0.9689922480620154
VGG16,0.31794871794871793,0.96875
VGG16,0.3153846153846154,0.968503937007874
VGG16,0.3128205128205128,0.9682539682539683
VGG16,0.31025641025641026,0.968
VGG16,0.3076923076923077,0.967741935483871
VGG16,0.30512820512820515,0.967479674796748
VGG16,0.30256410256410254,0.9672131147540983
VGG16,0.30256410256410254,0.9752066115702479
VGG16,0.30256410256410254,0.9833333333333333
VGG16,0.3,0.9831932773109243
VGG16,0.29743589743589743,0.9830508474576272
VGG16,0.2948717948717949,0.9829059829059829
VGG16,0.2923076923076923,0.9827586206896551
VGG16,0.28974358974358977,0.9826086956521739
VGG16,0.28717948717948716,0.9824561403508771
VGG16,0.2846153846153846,0.9823008849557522
VGG16,0.28205128205128205,0.9821428571428571
VGG16,0.2794871794871795,0.9819819819819819
VGG16,0.27692307692307694,0.9818181818181818
VGG16,0.2743589743589744,0.981651376146789
VGG16,0.2717948717948718,0.9814814814814815
VGG16,0.2692307692307692,0.9813084112149533
VGG16,0.26666666666666666,0.9811320754716981
VGG16,0.26666666666666666,0.9904761904761905
VGG16,0.2641025641025641,0.9903846153846154
VGG16,0.26153846153846155,0.9902912621359223
VGG16,0.258974358974359,0.9901960784313726
VGG16,0.2564102564102564,0.9900990099009901
VGG16,0.25384615384615383,0.99
VGG16,0.2512820512820513,0.98989898989899
VGG16,0.24871794871794872,0.9897959183673469
VGG16,0.24358974358974358,0.9895833333333334
VGG16,0.24102564102564103,0.9894736842105263
VGG16,0.23846153846153847,0.9893617021276596
VGG16,0.2358974358974359,0.989247311827957
VGG16,0.23333333333333334,0.9891304347826086
VGG16,0.23076923076923078,0.989010989010989
VGG16,0.2282051282051282,0.9888888888888889
VGG16,0.22564102564102564,0.9887640449438202
VGG16,0.2230769230769231,0.9886363636363636
VGG16,0.2205128205128205,0.9885057471264368
VGG16,0.21794871794871795,0.9883720930232558
VGG16,0.2153846153846154,0.9882352941176471
VGG16,0.2128205128205128,0.9880952380952381
VGG16,0.21025641025641026,0.9879518072289156
VGG16,0.2076923076923077,0.9878048780487805
VGG16,0.20512820512820512,0.9876543209876543
VGG16,0.20256410256410257,0.9875
VGG16,0.2,0.9873417721518988
VGG16,0.19743589743589743,0.9871794871794872
VGG16,0.19487179487179487,0.987012987012987
VGG16,0.19230769230769232,0.9868421052631579
VGG16,0.18974358974358974,0.9866666666666667
VGG16,0.18717948717948718,0.9864864864864865
VGG16,0.18461538461538463,0.9863013698630136
VGG16,0.18205128205128204,0.9861111111111112
VGG16,0.1794871794871795,0.9859154929577465
VGG16,0.17692307692307693,0.9857142857142858
VGG16,0.17435897435897435,0.9855072463768116
VGG16,0.1717948717948718,0.9852941176470589
VGG16,0.16923076923076924,0.9850746268656716
VGG16,0.16666666666666666,0.9848484848484849
VGG16,0.1641025641025641,0.9846153846153847
VGG16,0.16153846153846155,0.984375
VGG16,0.15897435897435896,0.9841269841269841
VGG16,0.1564102564102564,0.9838709677419355
VGG16,0.15384615384615385,0.9836065573770492
VGG16,0.15128205128205127,0.9833333333333333
VGG16,0.14871794871794872,0.9830508474576272
VGG16,0.14615384615384616,0.9827586206896551
VGG16,0.14358974358974358,0.9824561403508771
VGG16,0.14102564102564102,0.9821428571428571
VGG16,0.13846153846153847,0.9818181818181818
VGG16,0.1358974358974359,0.9814814814814815
VGG16,0.13333333333333333,0.9811320754716981
VGG16,0.13076923076923078,0.9807692307692307
VGG16,0.1282051282051282,0.9803921568627451
VGG16,0.12564102564102564,0.98
VGG16,0.12307692307692308,0.9795918367346939
VGG16,0.12051282051282051,0.9791666666666666
VGG16,0.11794871794871795,0.9787234042553191
VGG16,0.11538461538461539,0.9782608695652174
VGG16,0.11282051282051282,0.9777777777777777
VGG16,0.11025641025641025,0.9772727272727273
VGG16,0.1076923076923077,0.9767441860465116
VGG16,0.10512820512820513,0.9761904761904762
VGG16,0.10256410256410256,0.975609756097561
VGG16,0.1,0.975
VGG16,0.09743589743589744,0.9743589743589743
VGG16,0.09487179487179487,0.9736842105263158
VGG16,0.09230769230769231,0.972972972972973
VGG16,0.08974358974358974,0.9722222222222222
VGG16,0.08717948717948718,0.9714285714285714
VGG16,0.08461538461538462,0.9705882352941176
VGG16,0.08205128205128205,0.9696969696969697
VGG16,0.07948717948717948,0.96875
VGG16,0.07692307692307693,0.967741935483871
VGG16,0.07692307692307693,1.0
VGG16,0.07435897435897436,1.0
VGG16,0.07179487179487179,1.0
VGG16,0.06923076923076923,1.0
VGG16,0.06666666666666667,1.0
VGG16,0.0641025641025641,1.0
VGG16,0.06153846153846154,1.0
VGG16,0.05897435897435897,1.0
VGG16,0.05641025641025641,1.0
VGG16,0.05384615384615385,1.0
VGG16,0.05128205128205128,1.0
VGG16,0.04871794871794872,1.0
VGG16,0.046153846153846156,1.0
VGG16,0.04358974358974359,1.0
VGG16,0.041025641025641026,1.0
VGG16,0.038461538461538464,1.0
VGG16,0.035897435897435895,1.0
VGG16,0.03333333333333333,1.0
VGG16,0.03076923076923077,1.0
VGG16,0.028205128205128206,1.0
VGG16,0.02564102564102564,1.0
VGG16,0.023076923076923078,1.0
VGG16,0.020512820512820513,1.0
VGG16,0.017948717948717947,1.0
VGG16,0.015384615384615385,1.0
VGG16,0.01282051282051282,1.0
VGG16,0.010256410256410256,1.0
VGG16,0.007692307692307693,1.0
VGG16,0.005128205128205128,1.0
VGG16,0.002564102564102564,1.0
VGG16,0.0,1.0
DenseNet121,1.0,0.625
DenseNet121,1.0,0.6260032102728732
DenseNet121,1.0,0.6270096463022508
DenseNet121,1.0,0.6280193236714976
DenseNet121,1.0,0.6290322580645161
DenseNet121,1.0,0.630048465266559
DenseNet121,1.0,0.6310679611650486
DenseNet121,1.0,0.6320907617504052
DenseNet121,1.0,0.6331168831168831
DenseNet121,1.0,0.6341463414634146
DenseNet121,1.0,0.6351791530944625
DenseNet121,1.0,0.636215334420881
DenseNet121,1.0,0.6372549019607843
DenseNet121,1.0,0.6382978723404256
DenseNet121,1.0,0.639344262295082
DenseNet121,1.0,0.6403940886699507
DenseNet121,1.0,0.6414473684210527
DenseNet121,1.0,0.642504118616145
DenseNet121,1.0,0.6435643564356436
DenseNet121,1.0,0.6446280991735537
DenseNet121,1.0,0.6456953642384106
DenseNet121,1.0,0.6467661691542289
DenseNet121,1.0,0.6478405315614618
DenseNet121,1.0,0.64891846921797
DenseNet121,1.0,0.65
DenseNet121,1.0,0.6510851419031719
DenseNet121,1.0,0.6521739130434783
DenseNet121,1.0,0.6532663316582915
DenseNet121,1.0,0.6543624161073825
DenseNet121,1.0,0.6554621848739496
DenseNet121,1.0,0.6565656565656566
DenseNet121,1.0,0.657672849915683
DenseNet121,1.0,0.6587837837837838
DenseNet121,1.0,0.6598984771573604
DenseNet121,1.0,0.6610169491525424
DenseNet121,1.0,0.6621392190152802
DenseNet121,1.0,0.6632653061224489
DenseNet121,1.0,0.6643952299829642
DenseNet121,1.0,0.6655290102389079
DenseNet121,1.0,0.6666666666666666
DenseNet121,1.0,0.6678082191780822
DenseNet121,1.0,0.6689536878216124
DenseNet121,1.0,0.6701030927835051
DenseNet121,1.0,0.6712564543889845
DenseNet121,1.0,0.6724137931034483
DenseNet121,1.0,0.6735751295336787
DenseNet121,1.0,0.6747404844290658
DenseNet121,1.0,0.6759098786828422
DenseNet121,1.0,0.6770833333333334
DenseNet121,1.0,0.6782608695652174
DenseNet121,1.0,0.6794425087108014
DenseNet121,0.9974358974358974,0.6788830715532286
DenseNet121,0.9974358974358974,0.6800699300699301
DenseNet121,0.9974358974358974,0.681260945709282
DenseNet121,0.9974358974358974,0.6824561403508772
DenseNet121,0.9974358974358974,0.6836555360281195
DenseNet121,0.9974358974358974,0.6848591549295775
DenseNet121,0.9974358974358974,0.6860670194003528
DenseNet121,0.9974358974358974,0.6872791519434629
DenseNet121,0.9974358974358974,0.6884955752212389
DenseNet121,0.9974358974358974,0.6897163120567376
DenseNet121,0.9974358974358974,0.6909413854351687
DenseNet121,0.9974358974358974,0.6921708185053381
DenseNet121,0.9974358974358974,0.6934046345811051
DenseNet121,0.9974358974358974,0.6946428571428571
DenseNet121,0.9974358974358974,0.6958855098389982
DenseNet121,0.9974358974358974,0.6971326164874552
DenseNet121,0.9974358974358974,0.6983842010771992
DenseNet121,0.9974358974358974,0.6996402877697842
DenseNet121,0.9974358974358974,0.7009009009009008
DenseNet121,0.9974358974358974,0.7021660649819494
DenseNet121,0.9974358974358974,0.7034358047016275
DenseNet121,0.9974358974358974,0.7047101449275363
DenseNet121,0.9974358974358974,0.705989110707804
DenseNet121,0.9974358974358974,0.7072727272727273
DenseNet121,0.9974358974358974,0.7085610200364298
DenseNet121,0.9974358974358974,0.7098540145985401
DenseNet121,0.9974358974358974,0.7111517367458866
DenseNet121,0.9974358974358974,0.7124542124542125
DenseNet121,0.9974358974358974,0.7137614678899082
DenseNet121,0.9974358974358974,0.7150735294117647
DenseNet121,0.9974358974358974,0.716390423572744
DenseNet121,0.9974358974358974,0.7177121771217713
DenseNet121,0.9974358974358974,0.7190388170055453
DenseNet121,0.9974358974358974,0.7203703703703703
DenseNet121,0.9974358974358974,0.7217068645640075
DenseNet121,0.9974358974358974,0.7230483271375465
DenseNet121,0.9974358974358974,0.7243947858472998
DenseNet121,0.9974358974358974,0.7257462686567164
DenseNet121,0.9974358974358974,0.7271028037383177
DenseNet121,0.9974358974358974,0.7284644194756554
DenseNet121,0.9974358974358974,0.7298311444652908
DenseNet121,0.9974358974358974,0.731203007518797
DenseNet121,0.9974358974358974,0.7325800376647834
DenseNet121,0.9974358974358974,0.7339622641509433
DenseNet121,0.9974358974358974,0.7353497164461248
DenseNet121,0.9974358974358974,0.7367424242424242
DenseNet121,0.9974358974358974,0.7381404174573055
DenseNet121,0.9974358974358974,0.7395437262357415
DenseNet121,0.9974358974358974,0.7409523809523809
DenseNet121,0.9974358974358974,0.7423664122137404
DenseNet121,0.9974358974358974,0.7437858508604207
DenseNet121,0.9974358974358974,0.7452107279693486
DenseNet121,0.9974358974358974,0.746641074856046
DenseNet121,0.9974358974358974,0.7480769230769231
DenseNet121,0.9974358974358974,0.7495183044315993
DenseNet121,0.9974358974358974,0.750965250965251
DenseNet121,0.9974358974358974,0.7524177949709865
DenseNet121,0.9974358974358974,0.7538759689922481
DenseNet121,0.9974358974358974,0.7553398058252427
DenseNet121,0.9974358974358974,0.7568093385214008
DenseNet121,0.9974358974358974,0.7582846003898636
DenseNet121,0.9948717948717949,0.7578125
DenseNet121,0.9948717948717949,0.7592954990215264
DenseNet121,0.9948717948717949,0.7607843137254902
DenseNet121,0.9948717948717949,0.762278978388998
DenseNet121,0.9948717948717949,0.7652859960552268
DenseNet121,0.9948717948717949,0.766798418972332
DenseNet121,0.9923076923076923,0.7663366336633664
DenseNet121,0.9923076923076923,0.7678571428571429
DenseNet121,0.9923076923076923,0.7693836978131213
DenseNet121,0.9897435897435898,0.7689243027888446
DenseNet121,0.9897435897435898,0.7704590818363274
DenseNet121,0.9897435897435898,0.772
DenseNet121,0.9897435897435898,0.7735470941883767
DenseNet121,0.9897435897435898,0.7751004016064257
DenseNet121,0.9897435897435898,0.7766599597585513
DenseNet121,0.9897435897435898,0.7782258064516129
DenseNet121,0.9897435897435898,0.7797979797979798
DenseNet121,0.9897435897435898,0.7813765182186235
DenseNet121,0.9897435897435898,0.7829614604462475
DenseNet121,0.9871794871794872,0.782520325203252
DenseNet121,0.9871794871794872,0.7841140529531568
DenseNet121,0.9871794871794872,0.7857142857142857
DenseNet121,0.9871794871794872,0.787321063394683
DenseNet121,0.9871794871794872,0.7889344262295082
DenseNet121,0.9846153846153847,0.7885010266940452
DenseNet121,0.9846153846153847,0.7901234567901234
DenseNet121,0.9846153846153847,0.7917525773195876
DenseNet121,0.982051282051282,0.7913223140495868
DenseNet121,0.982051282051282,0.7929606625258799
DenseNet121,0.982051282051282,0.7946058091286307
DenseNet121,0.982051282051282,0.7962577962577962
DenseNet121,0.982051282051282,0.7979166666666667
DenseNet121,0.982051282051282,0.7995824634655533
DenseNet121,0.9794871794871794,0.799163179916318
DenseNet121,0.9794871794871794,0.80083857442348
DenseNet121,0.9794871794871794,0.8025210084033614
DenseNet121,0.9794871794871794,0.8042105263157895
DenseNet121,0.9794871794871794,0.8059071729957806
DenseNet121,0.9794871794871794,0.8076109936575053
DenseNet121,0.9794871794871794,0.809322033898305
DenseNet121,0.9794871794871794,0.8110403397027601
DenseNet121,0.9769230769230769,0.8106382978723404
DenseNet121,0.9743589743589743,0.8102345415778252
DenseNet121,0.9743589743589743,0.811965811965812
DenseNet121,0.9743589743589743,0.8137044967880086
DenseNet121,0.9717948717948718,0.8133047210300429
DenseNet121,0.9717948717948718,0.8150537634408602
DenseNet121,0.9717948717948718,0.8168103448275862
DenseNet121,0.9692307692307692,0.816414686825054
DenseNet121,0.9692307692307692,0.8181818181818182
DenseNet121,0.9692307692307692,0.8199566160520607
DenseNet121,0.9692307692307692,0.8217391304347826
DenseNet121,0.9666666666666667,0.8213507625272332
DenseNet121,0.9666666666666667,0.8231441048034934
DenseNet121,0.9666666666666667,0.824945295404814
DenseNet121,0.9666666666666667,0.8267543859649122
DenseNet121,0.9666666666666667,0.8285714285714286
DenseNet121,0.9666666666666667,0.8303964757709251
DenseNet121,0.9666666666666667,0.8322295805739515
DenseNet121,0.9666666666666667,0.834070796460177
DenseNet121,0.9666666666666667,0.835920177383592
DenseNet121,0.9666666666666667,0.8377777777777777
DenseNet121,0.9641025641025641,0.8374164810690423
DenseNet121,0.9641025641025641,0.8392857142857143
DenseNet121,0.9641025641025641,0.8411633109619687
DenseNet121,0.9641025641025641,0.8430493273542601
DenseNet121,0.9641025641025641,0.8449438202247191
DenseNet121,0.9641025641025641,0.8468468468468469
DenseNet121,0.9641025641025641,0.8487584650112867
DenseNet121,0.9641025641025641,0.8506787330316742
DenseNet121,0.9641025641025641,0.8526077097505669
DenseNet121,0.9641025641025641,0.8545454545454545
DenseNet121,0.9641025641025641,0.856492027334852
DenseNet121,0.9641025641025641,0.8604118993135011
DenseNet121,0.9641025641025641,0.8623853211009175
DenseNet121,0.9615384615384616,0.8620689655172413
DenseNet121,0.9615384615384616,0.8640552995391705
DenseNet121,0.9615384615384616,0.8660508083140878
DenseNet121,0.9615384615384616,0.8680555555555556
DenseNet121,0.9615384615384616,0.8700696055684455
DenseNet121,0.9615384615384616,0.872093023255814
DenseNet121,0.9615384615384616,0.8741258741258742
DenseNet121,0.9615384615384616,0.8761682242990654
DenseNet121,0.958974358974359,0.8758782201405152
DenseNet121,0.958974358974359,0.8779342723004695
DenseNet121,0.958974358974359,0.88
DenseNet121,0.9564102564102565,0.8797169811320755
DenseNet121,0.9538461538461539,0.8794326241134752
DenseNet121,0.9512820512820512,0.8791469194312796
DenseNet121,0.9487179487179487,0.8788598574821853
DenseNet121,0.9487179487179487,0.8809523809523809
DenseNet121,0.9487179487179487,0.883054892601432
DenseNet121,0.9487179487179487,0.8851674641148325
DenseNet121,0.9487179487179487,0.8872901678657075
DenseNet121,0.9487179487179487,0.8894230769230769
DenseNet121,0.9487179487179487,0.891566265060241
DenseNet121,0.9461538461538461,0.8913043478260869
DenseNet121,0.9461538461538461,0.8934624697336562
DenseNet121,0.9435897435897436,0.8932038834951457
DenseNet121,0.941025641025641,0.8929440389294404
DenseNet121,0.9384615384615385,0.8926829268292683
DenseNet121,0.9358974358974359,0.8924205378973105
DenseNet121,0.9333333333333333,0.8921568627450981
DenseNet121,0.9307692307692308,0.8918918918918919
DenseNet121,0.9307692307692308,0.8940886699507389
DenseNet121,0.9282051282051282,0.8938271604938272
DenseNet121,0.9282051282051282,0.8960396039603961
DenseNet121,0.9282051282051282,0.8982630272952854
DenseNet121,0.9256410256410257,0.8980099502487562
DenseNet121,0.9230769230769231,0.8977556109725686
DenseNet121,0.9205128205128205,0.8975
DenseNet121,0.9205128205128205,0.899749373433584
DenseNet121,0.9205128205128205,0.9020100502512562
DenseNet121,0.9205128205128205,0.9042821158690176
DenseNet121,0.9179487179487179,0.9040404040404041
DenseNet121,0.9179487179487179,0.9063291139240506
DenseNet121,0.9179487179487179,0.9086294416243654
DenseNet121,0.9153846153846154,0.9083969465648855
DenseNet121,0.9128205128205128,0.9081632653061225
DenseNet121,0.9102564102564102,0.907928388746803
DenseNet121,0.9102564102564102,0.9102564102564102
DenseNet121,0.9076923076923077,0.910025706940874
DenseNet121,0.9076923076923077,0.9123711340206185
DenseNet121,0.9076923076923077,0.917098445595855
DenseNet121,0.9051282051282051,0.9168831168831169
DenseNet121,0.9051282051282051,0.9192708333333334
DenseNet121,0.9051282051282051,0.9216710182767625
DenseNet121,0.9025641025641026,0.9214659685863874
DenseNet121,0.9,0.9212598425196851
DenseNet121,0.9,0.9236842105263158
DenseNet121,0.8974358974358975,0.9234828496042217
DenseNet121,0.8974358974358975,0.9259259259259259
DenseNet121,0.8974358974358975,0.9283819628647215
DenseNet121,0.8974358974358975,0.9308510638297872
DenseNet121,0.8948717948717949,0.9306666666666666
DenseNet121,0.8948717948717949,0.9331550802139037
DenseNet121,0.8923076923076924,0.9329758713136729
DenseNet121,0.8897435897435897,0.9327956989247311
DenseNet121,0.8871794871794871,0.9326145552560647
DenseNet121,0.8846153846153846,0.9324324324324325
DenseNet121,0.882051282051282,0.9322493224932249
DenseNet121,0.8794871794871795,0.9320652173913043
DenseNet121,0.8794871794871795,0.9346049046321526
DenseNet121,0.8769230769230769,0.9344262295081968
DenseNet121,0.8769230769230769,0.936986301369863
DenseNet121,0.8743589743589744,0.9368131868131868
DenseNet121,0.8717948717948718,0.9366391184573003
DenseNet121,0.8692307692307693,0.93646408839779
DenseNet121,0.8666666666666667,0.9362880886426593
DenseNet121,0.8641025641025641,0.9361111111111111
DenseNet121,0.8615384615384616,0.935933147632312
DenseNet121,0.8615384615384616,0.9385474860335196
DenseNet121,0.8589743589743589,0.938375350140056
DenseNet121,0.8564102564102564,0.9382022471910112
DenseNet121,0.8538461538461538,0.9380281690140845
DenseNet121,0.8512820512820513,0.9378531073446328
DenseNet121,0.8487179487179487,0.9376770538243626
DenseNet121,0.8461538461538461,0.9375
DenseNet121,0.8461538461538461,0.9401709401709402
DenseNet121,0.8435897435897436,0.94
DenseNet121,0.841025641025641,0.9398280802292264
DenseNet121,0.841025641025641,0.9425287356321839
DenseNet121,0.8384615384615385,0.9423631123919308
DenseNet121,0.8384615384615385,0.9450867052023122
DenseNet121,0.8384615384615385,0.9478260869565217
DenseNet121,0.8358974358974359,0.9476744186046512
DenseNet121,0.8358974358974359,0.9504373177842566
DenseNet121,0.8333333333333334,0.9502923976608187
DenseNet121,0.8307692307692308,0.9501466275659824
DenseNet121,0.8307692307692308,0.9529411764705882
DenseNet121,0.8307692307692308,0.9557522123893806
DenseNet121,0.8282051282051283,0.9556213017751479
DenseNet121,0.8256410256410256,0.9554896142433235
DenseNet121,0.823076923076923,0.9553571428571429
DenseNet121,0.8205128205128205,0.9552238805970149
DenseNet121,0.8179487179487179,0.9550898203592815
DenseNet121,0.8153846153846154,0.954954954954955
DenseNet121,0.8128205128205128,0.9548192771084337
DenseNet121,0.8102564102564103,0.9546827794561934
DenseNet121,0.8076923076923077,0.9545454545454546
DenseNet121,0.8051282051282052,0.9544072948328267
DenseNet121,0.8025641025641026,0.9542682926829268
DenseNet121,0.8,0.9541284403669725
DenseNet121,0.7974358974358975,0.9539877300613497
DenseNet121,0.7948717948717948,0.9538461538461539
DenseNet121,0.7948717948717948,0.9567901234567902
DenseNet121,0.7923076923076923,0.9566563467492261
DenseNet121,0.7897435897435897,0.9565217391304348
DenseNet121,0.7871794871794872,0.956386292834891
DenseNet121,0.7846153846153846,0.95625
DenseNet121,0.782051282051282,0.9561128526645768
DenseNet121,0.782051282051282,0.9591194968553459
DenseNet121,0.7794871794871795,0.9589905362776026
DenseNet121,0.7769230769230769,0.9588607594936709
DenseNet121,0.7743589743589744,0.9587301587301588
DenseNet121,0.7717948717948718,0.9585987261146497
DenseNet121,0.7692307692307693,0.9584664536741214
DenseNet121,0.7666666666666667,0.9583333333333334
DenseNet121,0.764102564102564,0.9581993569131833
DenseNet121,0.7615384615384615,0.9580645161290322
DenseNet121,0.7589743589743589,0.9579288025889967
DenseNet121,0.7564102564102564,0.9577922077922078
DenseNet121,0.7538461538461538,0.9576547231270358
DenseNet121,0.7512820512820513,0.9575163398692811
DenseNet121,0.7487179487179487,0.9573770491803278
DenseNet121,0.7487179487179487,0.9605263157894737
DenseNet121,0.7461538461538462,0.9603960396039604
DenseNet121,0.7435897435897436,0.9602649006622517
DenseNet121,0.7410256410256411,0.9601328903654485
DenseNet121,0.7384615384615385,0.96
DenseNet121,0.735897435897436,0.959866220735786
DenseNet121,0.7333333333333333,0.959731543624161
DenseNet121,0.7307692307692307,0.9595959595959596
DenseNet121,0.7282051282051282,0.9594594594594594
DenseNet121,0.7256410256410256,0.9593220338983051
DenseNet121,0.7230769230769231,0.9591836734693877
DenseNet121,0.7205128205128205,0.9590443686006825
DenseNet121,0.717948717948718,0.958904109589041
DenseNet121,0.7153846153846154,0.9587628865979382
DenseNet121,0.7153846153846154,0.9620689655172414
DenseNet121,0.7128205128205128,0.9619377162629758
DenseNet121,0.7102564102564103,0.9618055555555556
DenseNet121,0.7076923076923077,0.9616724738675958
DenseNet121,0.7051282051282052,0.9615384615384616
DenseNet121,0.7025641025641025,0.9614035087719298
DenseNet121,0.7,0.9612676056338029
DenseNet121,0.6974358974358974,0.9611307420494699
DenseNet121,0.6948717948717948,0.9609929078014184
DenseNet121,0.6923076923076923,0.9608540925266904
DenseNet121,0.6897435897435897,0.9607142857142857
DenseNet121,0.6871794871794872,0.9605734767025089
DenseNet121,0.6846153846153846,0.960431654676259
DenseNet121,0.6820512820512821,0.9602888086642599
DenseNet121,0.6794871794871795,0.9601449275362319
DenseNet121,0.676923076923077,0.96
DenseNet121,0.6743589743589744,0.9598540145985401
DenseNet121,0.6743589743589744,0.9633699633699634
DenseNet121,0.6717948717948717,0.9632352941176471
DenseNet121,0.6692307692307692,0.9630996309963099
DenseNet121,0.6666666666666666,0.9629629629629629
DenseNet121,0.6641025641025641,0.9628252788104089
DenseNet121,0.6615384615384615,0.9626865671641791
DenseNet121,0.6564102564102564,0.9624060150375939
DenseNet121,0.6538461538461539,0.9622641509433962
DenseNet121,0.6512820512820513,0.9621212121212122
DenseNet121,0.6487179487179487,0.9619771863117871
DenseNet121,0.6461538461538462,0.9618320610687023
DenseNet121,0.6435897435897436,0.9616858237547893
DenseNet121,0.6410256410256411,0.9615384615384616
DenseNet121,0.6384615384615384,0.9613899613899614
DenseNet121,0.6358974358974359,0.9612403100775194
DenseNet121,0.6333333333333333,0.9610894941634242
DenseNet121,0.6307692307692307,0.9609375
DenseNet121,0.6282051282051282,0.9607843137254902
DenseNet121,0.6256410256410256,0.9606299212598425
DenseNet121,0.6230769230769231,0.9604743083003953
DenseNet121,0.6205128205128205,0.9603174603174603
DenseNet121,0.6205128205128205,0.9641434262948207
DenseNet121,0.617948717948718,0.964
DenseNet121,0.6153846153846154,0.963855421686747
DenseNet121,0.6128205128205129,0.9637096774193549
DenseNet121,0.6102564102564103,0.9635627530364372
DenseNet121,0.6076923076923076,0.9634146341463414
DenseNet121,0.6051282051282051,0.963265306122449
DenseNet121,0.6025641025641025,0.9631147540983607
DenseNet121,0.6,0.9629629629629629
DenseNet121,0.5974358974358974,0.9628099173553719
DenseNet121,0.5948717948717949,0.9626556016597511
DenseNet121,0.5923076923076923,0.9625
DenseNet121,0.5897435897435898,0.9623430962343096
DenseNet121,0.5871794871794872,0.9621848739495799
DenseNet121,0.5846153846153846,0.9620253164556962
DenseNet121,0.5820512820512821,0.961864406779661
DenseNet121,0.5794871794871795,0.9617021276595744
DenseNet121,0.5769230769230769,0.9615384615384616
DenseNet121,0.5743589743589743,0.9613733905579399
DenseNet121,0.5743589743589743,0.9655172413793104
DenseNet121,0.5717948717948718,0.9653679653679653
DenseNet121,0.5692307692307692,0.9652173913043478
DenseNet121,0.5666666666666667,0.9650655021834061
DenseNet121,0.5641025641025641,0.9649122807017544
DenseNet121,0.5615384615384615,0.9647577092511013
DenseNet121,0.558974358974359,0.9646017699115044
DenseNet121,0.558974358974359,0.9688888888888889
DenseNet121,0.5564102564102564,0.96875
DenseNet121,0.5538461538461539,0.968609865470852
DenseNet121,0.5538461538461539,0.972972972972973
DenseNet121,0.5512820512820513,0.9728506787330317
DenseNet121,0.5487179487179488,0.9727272727272728
DenseNet121,0.5461538461538461,0.9726027397260274
DenseNet121,0.5435897435897435,0.9724770642201835
DenseNet121,0.541025641025641,0.9723502304147466
DenseNet121,0.5384615384615384,0.9722222222222222
DenseNet121,0.5358974358974359,0.9720930232558139
DenseNet121,0.5333333333333333,0.9719626168224299
DenseNet121,0.5282051282051282,0.9716981132075472
DenseNet121,0.5256410256410257,0.9715639810426541
DenseNet121,0.5230769230769231,0.9714285714285714
DenseNet121,0.5230769230769231,0.9760765550239234
DenseNet121,0.5205128205128206,0.9759615384615384
DenseNet121,0.517948717948718,0.9758454106280193
DenseNet121,0.517948717948718,0.9805825242718447
DenseNet121,0.5153846153846153,0.9804878048780488
DenseNet121,0.5128205128205128,0.9803921568627451
DenseNet121,0.5102564102564102,0.9802955665024631
DenseNet121,0.5076923076923077,0.9801980198019802
DenseNet121,0.5051282051282051,0.9800995024875622
DenseNet121,0.5025641025641026,0.98
DenseNet121,0.5,0.9798994974874372
DenseNet121,0.49743589743589745,0.9797979797979798
DenseNet121,0.4948717948717949,0.9796954314720813
DenseNet121,0.49230769230769234,0.9795918367346939
DenseNet121,0.4897435897435897,0.9794871794871794
DenseNet121,0.48717948717948717,0.979381443298969
DenseNet121,0.4846153846153846,0.9792746113989638
DenseNet121,0.48205128205128206,0.9791666666666666
DenseNet121,0.4794871794871795,0.9790575916230366
DenseNet121,0.47692307692307695,0.9789473684210527
DenseNet121,0.47435897435897434,0.9788359788359788
DenseNet121,0.4717948717948718,0.9787234042553191
DenseNet121,0.46923076923076923,0.9786096256684492
DenseNet121,0.4666666666666667,0.978494623655914
DenseNet121,0.4641025641025641,0.9783783783783784
DenseNet121,0.46153846153846156,0.9782608695652174
DenseNet121,0.45897435897435895,0.9781420765027322
DenseNet121,0.4564102564102564,0.978021978021978
DenseNet121,0.45384615384615384,0.9779005524861878
DenseNet121,0.4512820512820513,0.9777777777777777
DenseNet121,0.44871794871794873,0.9776536312849162
DenseNet121,0.4461538461538462,0.9775280898876404
DenseNet121,0.44358974358974357,0.9774011299435028
DenseNet121,0.441025641025641,0.9772727272727273
DenseNet121,0.43846153846153846,0.9771428571428571
DenseNet121,0.4358974358974359,0.9770114942528736
DenseNet121,0.43333333333333335,0.976878612716763
DenseNet121,0.4307692307692308,0.9767441860465116
DenseNet121,0.4282051282051282,0.9766081871345029
DenseNet121,0.4256410256410256,0.9764705882352941
DenseNet121,0.4230769230769231,0.9763313609467456
DenseNet121,0.4205128205128205,0.9761904761904762
DenseNet121,0.41794871794871796,0.9760479041916168
DenseNet121,0.4153846153846154,0.9759036144578314
DenseNet121,0.4128205128205128,0.9757575757575757
DenseNet121,0.41025641025641024,0.975609756097561
DenseNet121,0.4076923076923077,0.9754601226993865
DenseNet121,0.40512820512820513,0.9753086419753086
DenseNet121,0.4025641025641026,0.9751552795031055
DenseNet121,0.4,0.975
DenseNet121,0.3974358974358974,0.9748427672955975
DenseNet121,0.39487179487179486,0.9746835443037974
DenseNet121,0.3923076923076923,0.9745222929936306
DenseNet121,0.38974358974358975,0.9743589743589743
DenseNet121,0.3871794871794872,0.9741935483870968
DenseNet121,0.38461538461538464,0.974025974025974
DenseNet121,0.382051282051282,0.9738562091503268
DenseNet121,0.3769230769230769,0.9735099337748344
DenseNet121,0.37435897435897436,0.9733333333333334
DenseNet121,0.3717948717948718,0.9731543624161074
DenseNet121,0.36923076923076925,0.972972972972973
DenseNet121,0.36666666666666664,0.9727891156462585
DenseNet121,0.3641025641025641,0.9726027397260274
DenseNet121,0.36153846153846153,0.9724137931034482
DenseNet121,0.358974358974359,0.9722222222222222
DenseNet121,0.3564102564102564,0.972027972027972
DenseNet121,0.35384615384615387,0.971830985915493
DenseNet121,0.35128205128205126,0.9716312056737588
DenseNet121,0.3487179487179487,0.9714285714285714
DenseNet121,0.34615384615384615,0.9712230215827338
DenseNet121,0.3435897435897436,0.9710144927536232
DenseNet121,0.34102564102564104,0.9708029197080292
DenseNet121,0.3384615384615385,0.9705882352941176
DenseNet121,0.33589743589743587,0.9703703703703703
DenseNet121,0.3333333333333333,0.9701492537313433
DenseNet121,0.33076923076923076,0.9699248120300752
DenseNet121,0.3282051282051282,0.9696969696969697
DenseNet121,0.32564102564102565,0.9694656488549618
DenseNet121,0.3230769230769231,0.9692307692307692
DenseNet121,0.32051282051282054,0.9689922480620154
DenseNet121,0.31794871794871793,0.96875
DenseNet121,0.3153846153846154,0.968503937007874
DenseNet121,0.3128205128205128,0.9682539682539683
DenseNet121,0.31025641025641026,0.968
DenseNet121,0.3076923076923077,0.967741935483871
DenseNet121,0.30512820512820515,0.967479674796748
DenseNet121,0.30256410256410254,0.9672131147540983
DenseNet121,0.3,0.9669421487603306
DenseNet121,0.29743589743589743,0.9666666666666667
DenseNet121,0.2948717948717949,0.9663865546218487
DenseNet121,0.2923076923076923,0.9661016949152542
DenseNet121,0.28974358974358977,0.9658119658119658
DenseNet121,0.28717948717948716,0.9655172413793104
DenseNet121,0.2846153846153846,0.9652173913043478
DenseNet121,0.28205128205128205,0.9649122807017544
DenseNet121,0.2794871794871795,0.9646017699115044
DenseNet121,0.27692307692307694,0.9642857142857143
DenseNet121,0.2743589743589744,0.963963963963964
DenseNet121,0.2717948717948718,0.9636363636363636
DenseNet121,0.2692307692307692,0.963302752293578
DenseNet121,0.26666666666666666,0.9629629629629629
DenseNet121,0.2641025641025641,0.9626168224299065
DenseNet121,0.26153846153846155,0.9622641509433962
DenseNet121,0.26153846153846155,0.9714285714285714
DenseNet121,0.258974358974359,0.9711538461538461
DenseNet121,0.2564102564102564,0.970873786407767
DenseNet121,0.25384615384615383,0.9705882352941176
DenseNet121,0.2512820512820513,0.9702970297029703
DenseNet121,0.2512820512820513,0.98
DenseNet121,0.24871794871794872,0.9797979797979798
DenseNet121,0.24615384615384617,0.9795918367346939
DenseNet121,0.24358974358974358,0.979381443298969
DenseNet121,0.24102564102564103,0.9791666666666666
DenseNet121,0.23846153846153847,0.9789473684210527
DenseNet121,0.2358974358974359,0.9787234042553191
DenseNet121,0.23333333333333334,0.978494623655914
DenseNet121,0.23076923076923078,0.9782608695652174
DenseNet121,0.2282051282051282,0.978021978021978
DenseNet121,0.22564102564102564,0.9777777777777777
DenseNet121,0.2230769230769231,0.9775280898876404
DenseNet121,0.2205128205128205,0.9772727272727273
DenseNet121,0.21794871794871795,0.9770114942528736
DenseNet121,0.2153846153846154,0.9767441860465116
DenseNet121,0.2128205128205128,0.9764705882352941
DenseNet121,0.21025641025641026,0.9761904761904762
DenseNet121,0.2076923076923077,0.9759036144578314
DenseNet121,0.20512820512820512,0.975609756097561
DenseNet121,0.20256410256410257,0.9753086419753086
DenseNet121,0.2,0.975
DenseNet121,0.19743589743589743,0.9746835443037974
DenseNet121,0.19487179487179487,0.9743589743589743
DenseNet121,0.19230769230769232,0.974025974025974
DenseNet121,0.18974358974358974,0.9736842105263158
DenseNet121,0.18717948717948718,0.9733333333333334
DenseNet121,0.18461538461538463,0.972972972972973
DenseNet121,0.18205128205128204,0.9726027397260274
DenseNet121,0.1794871794871795,0.9722222222222222
DenseNet121,0.17692307692307693,0.971830985915493
DenseNet121,0.17435897435897435,0.9714285714285714
DenseNet121,0.1717948717948718,0.9710144927536232
DenseNet121,0.16923076923076924,0.9705882352941176
DenseNet121,0.16666666666666666,0.9701492537313433
DenseNet121,0.1641025641025641,0.9696969696969697
DenseNet121,0.16153846153846155,0.9692307692307692
DenseNet121,0.15897435897435896,0.96875
DenseNet121,0.1564102564102564,0.9682539682539683
DenseNet121,0.15384615384615385,0.967741935483871
DenseNet121,0.15128205128205127,0.9672131147540983
DenseNet121,0.14871794871794872,0.9666666666666667
DenseNet121,0.14615384615384616,0.9661016949152542
DenseNet121,0.14358974358974358,0.9655172413793104
DenseNet121,0.14102564102564102,0.9649122807017544
DenseNet121,0.13846153846153847,0.9642857142857143
DenseNet121,0.1358974358974359,0.9636363636363636
DenseNet121,0.13333333333333333,0.9629629629629629
DenseNet121,0.13076923076923078,0.9622641509433962
DenseNet121,0.1282051282051282,0.9615384615384616
DenseNet121,0.12564102564102564,0.9607843137254902
DenseNet121,0.12307692307692308,0.96
DenseNet121,0.12051282051282051,0.9591836734693877
DenseNet121,0.11794871794871795,0.9583333333333334
DenseNet121,0.11538461538461539,0.9574468085106383
DenseNet121,0.11282051282051282,0.9565217391304348
DenseNet121,0.11025641025641025,0.9555555555555556
DenseNet121,0.1076923076923077,0.9545454545454546
DenseNet121,0.10512820512820513,0.9534883720930233
DenseNet121,0.10256410256410256,0.9523809523809523
DenseNet121,0.1,0.9512195121951219
DenseNet121,0.09743589743589744,0.95
DenseNet121,0.09487179487179487,0.9487179487179487
DenseNet121,0.09230769230769231,0.9473684210526315
DenseNet121,0.08974358974358974,0.9459459459459459
DenseNet121,0.08974358974358974,0.9722222222222222
DenseNet121,0.08717948717948718,0.9714285714285714
DenseNet121,0.08461538461538462,0.9705882352941176
DenseNet121,0.08205128205128205,0.9696969696969697
DenseNet121,0.07948717948717948,0.96875
DenseNet121,0.07692307692307693,0.967741935483871
DenseNet121,0.07435897435897436,0.9666666666666667
DenseNet121,0.07179487179487179,0.9655172413793104
DenseNet121,0.06923076923076923,0.9642857142857143
DenseNet121,0.06666666666666667,0.9629629629629629
DenseNet121,0.0641025641025641,0.9615384615384616
DenseNet121,0.06153846153846154,0.96
DenseNet121,0.05897435897435897,0.9583333333333334
DenseNet121,0.05641025641025641,0.9565217391304348
DenseNet121,0.05384615384615385,0.9545454545454546
DenseNet121,0.05128205128205128,0.9523809523809523
DenseNet121,0.05128205128205128,1.0
DenseNet121,0.04871794871794872,1.0
DenseNet121,0.046153846153846156,1.0
DenseNet121,0.04358974358974359,1.0
DenseNet121,0.041025641025641026,1.0
DenseNet121,0.038461538461538464,1.0
DenseNet121,0.035897435897435895,1.0
DenseNet121,0.03333333333333333,1.0
DenseNet121,0.03076923076923077,1.0
DenseNet121,0.028205128205128206,1.0
DenseNet121,0.02564102564102564,1.0
DenseNet121,0.023076923076923078,1.0
DenseNet121,0.020512820512820513,1.0
DenseNet121,0.017948717948717947,1.0
DenseNet121,0.015384615384615385,1.0
DenseNet121,0.01282051282051282,1.0
DenseNet121,0.010256410256410256,1.0
DenseNet121,0.007692307692307693,1.0
DenseNet121,0.005128205128205128,1.0
DenseNet121,0.002564102564102564,1.0
DenseNet121,0.0,1.0
ResNet50,1.0,0.625
ResNet50,1.0,0.6260032102728732
ResNet50,1.0,0.6270096463022508
ResNet50,1.0,0.6280193236714976
ResNet50,1.0,0.6290322580645161
ResNet50,1.0,0.630048465266559
ResNet50,1.0,0.6310679611650486
ResNet50,1.0,0.6320907617504052
ResNet50,1.0,0.6331168831168831
ResNet50,1.0,0.6341463414634146
ResNet50,1.0,0.6351791530944625
ResNet50,1.0,0.636215334420881
ResNet50,1.0,0.6372549019607843
ResNet50,1.0,0.6382978723404256
ResNet50,1.0,0.639344262295082
ResNet50,1.0,0.6403940886699507
ResNet50,1.0,0.6414473684210527
ResNet50,1.0,0.642504118616145
ResNet50,1.0,0.6435643564356436
ResNet50,1.0,0.6446280991735537
ResNet50,1.0,0.6456953642384106
ResNet50,1.0,0.6467661691542289
ResNet50,1.0,0.6478405315614618
ResNet50,1.0,0.64891846921797
ResNet50,1.0,0.65
ResNet50,1.0,0.6510851419031719
ResNet50,1.0,0.6521739130434783
ResNet50,1.0,0.6532663316582915
ResNet50,1.0,0.6543624161073825
ResNet50,1.0,0.6554621848739496
ResNet50,1.0,0.6565656565656566
ResNet50,0.9974358974358974,0.6559865092748736
ResNet50,0.9974358974358974,0.6570945945945946
ResNet50,0.9974358974358974,0.6582064297800339
ResNet50,0.9974358974358974,0.6593220338983051
ResNet50,0.9974358974358974,0.6604414261460102
ResNet50,0.9974358974358974,0.6615646258503401
ResNet50,0.9974358974358974,0.6626916524701874
ResNet50,0.9974358974358974,0.6638225255972696
ResNet50,0.9974358974358974,0.6649572649572649
ResNet50,0.9974358974358974,0.666095890410959
ResNet50,0.9974358974358974,0.6672384219554031
ResNet50,0.9974358974358974,0.6683848797250859
ResNet50,0.9974358974358974,0.6695352839931153
ResNet50,0.9974358974358974,0.6706896551724137
ResNet50,0.9974358974358974,0.6718480138169257
ResNet50,0.9974358974358974,0.6730103806228374
ResNet50,0.9974358974358974,0.6741767764298093
ResNet50,0.9974358974358974,0.6753472222222222
ResNet50,0.9974358974358974,0.6765217391304348
ResNet50,0.9974358974358974,0.6777003484320557
ResNet50,0.9974358974358974,0.6788830715532286
ResNet50,0.9974358974358974,0.6800699300699301
ResNet50,0.9974358974358974,0.681260945709282
ResNet50,0.9974358974358974,0.6824561403508772
ResNet50,0.9974358974358974,0.6836555360281195
ResNet50,0.9974358974358974,0.6848591549295775
ResNet50,0.9974358974358974,0.6860670194003528
ResNet50,0.9974358974358974,0.6872791519434629
ResNet50,0.9948717948717949,0.6867256637168142
ResNet50,0.9948717948717949,0.6879432624113475
ResNet50,0.9948717948717949,0.6891651865008881
ResNet50,0.9948717948717949,0.6903914590747331
ResNet50,0.9948717948717949,0.6916221033868093
ResNet50,0.9948717948717949,0.6928571428571428
ResNet50,0.9948717948717949,0.6940966010733453
ResNet50,0.9948717948717949,0.6953405017921147
ResNet50,0.9948717948717949,0.696588868940754
ResNet50,0.9948717948717949,0.697841726618705
ResNet50,0.9948717948717949,0.6990990990990991
ResNet50,0.9948717948717949,0.7003610108303249
ResNet50,0.9948717948717949,0.701627486437613
ResNet50,0.9948717948717949,0.7028985507246377
ResNet50,0.9948717948717949,0.7041742286751361
ResNet50,0.9923076923076923,0.7036363636363636
ResNet50,0.9923076923076923,0.7049180327868853
ResNet50,0.9923076923076923,0.7062043795620438
ResNet50,0.9897435897435898,0.7056672760511883
ResNet50,0.9897435897435898,0.706959706959707
ResNet50,0.9871794871794872,0.7064220183486238
ResNet50,0.9871794871794872,0.7077205882352942
ResNet50,0.9871794871794872,0.7090239410681399
ResNet50,0.9871794871794872,0.7103321033210332
ResNet50,0.9871794871794872,0.711645101663586
ResNet50,0.9871794871794872,0.7129629629629629
ResNet50,0.9871794871794872,0.7142857142857143
ResNet50,0.9871794871794872,0.7156133828996283
ResNet50,0.9871794871794872,0.7169459962756052
ResNet50,0.9871794871794872,0.7182835820895522
ResNet50,0.9871794871794872,0.719626168224299
ResNet50,0.9871794871794872,0.7209737827715356
ResNet50,0.9871794871794872,0.7223264540337712
ResNet50,0.9871794871794872,0.7236842105263158
ResNet50,0.9871794871794872,0.7250470809792844
ResNet50,0.9871794871794872,0.7264150943396226
ResNet50,0.9871794871794872,0.7277882797731569
ResNet50,0.9871794871794872,0.7291666666666666
ResNet50,0.9871794871794872,0.7305502846299811
ResNet50,0.9846153846153847,0.7300380228136882
ResNet50,0.9846153846153847,0.7314285714285714
ResNet50,0.982051282051282,0.7309160305343512
ResNet50,0.982051282051282,0.7323135755258127
ResNet50,0.982051282051282,0.7337164750957854
ResNet50,0.982051282051282,0.7351247600767754
ResNet50,0.982051282051282,0.7365384615384616
ResNet50,0.982051282051282,0.7379576107899807
ResNet50,0.982051282051282,0.7393822393822393
ResNet50,0.982051282051282,0.7408123791102514
ResNet50,0.982051282051282,0.7422480620155039
ResNet50,0.982051282051282,0.7436893203883496
ResNet50,0.982051282051282,0.745136186770428
ResNet50,0.982051282051282,0.746588693957115
ResNet50,0.982051282051282,0.748046875
ResNet50,0.982051282051282,0.7495107632093934
ResNet50,0.982051282051282,0.7524557956777996
ResNet50,0.982051282051282,0.7539370078740157
ResNet50,0.982051282051282,0.7554240631163708
ResNet50,0.982051282051282,0.7569169960474308
ResNet50,0.982051282051282,0.7584158415841584
ResNet50,0.982051282051282,0.7599206349206349
ResNet50,0.982051282051282,0.7614314115308151
ResNet50,0.982051282051282,0.7629482071713147
ResNet50,0.982051282051282,0.7644710578842315
ResNet50,0.982051282051282,0.766
ResNet50,0.982051282051282,0.7675350701402806
ResNet50,0.9794871794871794,0.7670682730923695
ResNet50,0.9794871794871794,0.7686116700201208
ResNet50,0.9794871794871794,0.7701612903225806
ResNet50,0.9769230769230769,0.7696969696969697
ResNet50,0.9769230769230769,0.771255060728745
ResNet50,0.9769230769230769,0.7728194726166329
ResNet50,0.9769230769230769,0.774390243902439
ResNet50,0.9769230769230769,0.7759674134419552
ResNet50,0.9769230769230769,0.7775510204081633
ResNet50,0.9769230769230769,0.7791411042944786
ResNet50,0.9769230769230769,0.7807377049180327
ResNet50,0.9769230769230769,0.7823408624229979
ResNet50,0.9769230769230769,0.7839506172839507
ResNet50,0.9743589743589743,0.7835051546391752
ResNet50,0.9743589743589743,0.7867494824016563
ResNet50,0.9743589743589743,0.7883817427385892
ResNet50,0.9743589743589743,0.7900207900207901
ResNet50,0.9743589743589743,0.7916666666666666
ResNet50,0.9717948717948718,0.791231732776618
ResNet50,0.9717948717948718,0.7928870292887029
ResNet50,0.9717948717948718,0.7945492662473794
ResNet50,0.9692307692307692,0.7941176470588235
ResNet50,0.9692307692307692,0.7957894736842105
ResNet50,0.9692307692307692,0.7974683544303798
ResNet50,0.9692307692307692,0.7991543340380549
ResNet50,0.9692307692307692,0.8008474576271186
ResNet50,0.9692307692307692,0.802547770700637
ResNet50,0.9692307692307692,0.8042553191489362
ResNet50,0.9692307692307692,0.8059701492537313
ResNet50,0.9692307692307692,0.8076923076923077
ResNet50,0.9666666666666667,0.8072805139186295
ResNet50,0.9666666666666667,0.8090128755364807
ResNet50,0.9666666666666667,0.810752688172043
ResNet50,0.9641025641025641,0.8103448275862069
ResNet50,0.9641025641025641,0.8120950323974082
ResNet50,0.9615384615384616,0.8116883116883117
ResNet50,0.9615384615384616,0.8134490238611713
ResNet50,0.9615384615384616,0.8152173913043478
ResNet50,0.9615384615384616,0.8169934640522876
ResNet50,0.958974358974359,0.8165938864628821
ResNet50,0.9564102564102565,0.8161925601750547
ResNet50,0.9538461538461539,0.8157894736842105
ResNet50,0.9538461538461539,0.8175824175824176
ResNet50,0.9538461538461539,0.8193832599118943
ResNet50,0.9538461538461539,0.8211920529801324
ResNet50,0.9538461538461539,0.8230088495575221
ResNet50,0.9538461538461539,0.8266666666666667
ResNet50,0.9538461538461539,0.8285077951002228
ResNet50,0.9512820512820512,0.828125
ResNet50,0.9512820512820512,0.8299776286353467
ResNet50,0.9512820512820512,0.8318385650224215
ResNet50,0.9512820512820512,0.8337078651685393
ResNet50,0.9512820512820512,0.8355855855855856
ResNet50,0.9512820512820512,0.837471783295711
ResNet50,0.9512820512820512,0.8393665158371041
ResNet50,0.9487179487179487,0.8390022675736961
ResNet50,0.9487179487179487,0.8409090909090909
ResNet50,0.9461538461538461,0.8405466970387244
ResNet50,0.9461538461538461,0.8424657534246576
ResNet50,0.9435897435897436,0.8421052631578947
ResNet50,0.941025641025641,0.841743119266055
ResNet50,0.9384615384615385,0.8413793103448276
ResNet50,0.9384615384615385,0.8433179723502304
ResNet50,0.9384615384615385,0.8452655889145496
ResNet50,0.9358974358974359,0.8449074074074074
ResNet50,0.9333333333333333,0.8445475638051044
ResNet50,0.9333333333333333,0.8465116279069768
ResNet50,0.9307692307692308,0.8461538461538461
ResNet50,0.9282051282051282,0.8457943925233645
ResNet50,0.9282051282051282,0.8477751756440282
ResNet50,0.9282051282051282,0.8497652582159625
ResNet50,0.9282051282051282,0.851764705882353
ResNet50,0.9256410256410257,0.8514150943396226
ResNet50,0.9256410256410257,0.8534278959810875
ResNet50,0.9256410256410257,0.8554502369668247
ResNet50,0.9256410256410257,0.8574821852731591
ResNet50,0.9256410256410257,0.8595238095238096
ResNet50,0.9256410256410257,0.8615751789976134
ResNet50,0.9256410256410257,0.8636363636363636
ResNet50,0.9256410256410257,0.8657074340527577
ResNet50,0.9230769230769231,0.8653846153846154
ResNet50,0.9230769230769231,0.8674698795180723
ResNet50,0.9230769230769231,0.8695652173913043
ResNet50,0.9230769230769231,0.8716707021791767
ResNet50,0.9205128205128205,0.8713592233009708
ResNet50,0.9205128205128205,0.8734793187347932
ResNet50,0.9205128205128205,0.875609756097561
ResNet50,0.9179487179487179,0.8753056234718827
ResNet50,0.9153846153846154,0.875
ResNet50,0.9153846153846154,0.8771498771498771
ResNet50,0.9153846153846154,0.8793103448275862
ResNet50,0.9153846153846154,0.8814814814814815
ResNet50,0.9153846153846154,0.8836633663366337
ResNet50,0.9128205128205128,0.8833746898263027
ResNet50,0.9128205128205128,0.8855721393034826
ResNet50,0.9102564102564102,0.885286783042394
ResNet50,0.9102564102564102,0.8875
ResNet50,0.9076923076923077,0.8872180451127819
ResNet50,0.9051282051282051,0.8869346733668342
ResNet50,0.9051282051282051,0.889168765743073
ResNet50,0.9051282051282051,0.8914141414141414
ResNet50,0.9025641025641026,0.8911392405063291
ResNet50,0.9025641025641026,0.8934010152284264
ResNet50,0.9025641025641026,0.8956743002544529
ResNet50,0.9025641025641026,0.8979591836734694
ResNet50,0.9,0.8976982097186701
ResNet50,0.9,0.9
ResNet50,0.8974358974358975,0.8997429305912596
ResNet50,0.8974358974358975,0.9020618556701031
ResNet50,0.8948717948717949,0.9018087855297158
ResNet50,0.8948717948717949,0.9041450777202072
ResNet50,0.8923076923076924,0.9038961038961039
ResNet50,0.8923076923076924,0.90625
ResNet50,0.8923076923076924,0.9086161879895561
ResNet50,0.8897435897435897,0.9083769633507853
ResNet50,0.8871794871794871,0.9081364829396326
ResNet50,0.8871794871794871,0.9105263157894737
ResNet50,0.8846153846153846,0.9102902374670184
ResNet50,0.882051282051282,0.91005291005291
ResNet50,0.8794871794871795,0.9098143236074271
ResNet50,0.8769230769230769,0.9095744680851063
ResNet50,0.8769230769230769,0.912
ResNet50,0.8769230769230769,0.9144385026737968
ResNet50,0.8743589743589744,0.9142091152815014
ResNet50,0.8717948717948718,0.9139784946236559
ResNet50,0.8692307692307693,0.9137466307277629
ResNet50,0.8666666666666667,0.9135135135135135
ResNet50,0.8641025641025641,0.9132791327913279
ResNet50,0.8615384615384616,0.9130434782608695
ResNet50,0.8615384615384616,0.9155313351498637
ResNet50,0.8589743589743589,0.9153005464480874
ResNet50,0.8589743589743589,0.9178082191780822
ResNet50,0.8564102564102564,0.9175824175824175
ResNet50,0.8538461538461538,0.9173553719008265
ResNet50,0.8538461538461538,0.919889502762431
ResNet50,0.8512820512820513,0.9196675900277008
ResNet50,0.8512820512820513,0.9222222222222223
ResNet50,0.8512820512820513,0.924791086350975
ResNet50,0.8487179487179487,0.9245810055865922
ResNet50,0.8487179487179487,0.927170868347339
ResNet50,0.8461538461538461,0.9269662921348315
ResNet50,0.8461538461538461,0.9295774647887324
ResNet50,0.8435897435897436,0.9293785310734464
ResNet50,0.841025641025641,0.9291784702549575
ResNet50,0.8384615384615385,0.9289772727272727
ResNet50,0.8358974358974359,0.9287749287749287
ResNet50,0.8333333333333334,0.9285714285714286
ResNet50,0.8333333333333334,0.9312320916905444
ResNet50,0.8307692307692308,0.9310344827586207
ResNet50,0.8307692307692308,0.9337175792507204
ResNet50,0.8307692307692308,0.9364161849710982
ResNet50,0.8307692307692308,0.9391304347826087
ResNet50,0.8282051282051283,0.938953488372093
ResNet50,0.8256410256410256,0.9387755102040817
ResNet50,0.823076923076923,0.9385964912280702
ResNet50,0.823076923076923,0.9413489736070382
ResNet50,0.8205128205128205,0.9411764705882353
ResNet50,0.8205128205128205,0.943952802359882
ResNet50,0.8179487179487179,0.9437869822485208
ResNet50,0.8153846153846154,0.9436201780415431
ResNet50,0.8153846153846154,0.9464285714285714
ResNet50,0.8128205128205128,0.9462686567164179
ResNet50,0.8102564102564103,0.9461077844311377
ResNet50,0.8102564102564103,0.948948948948949
ResNet50,0.8076923076923077,0.9487951807228916
ResNet50,0.8051282051282052,0.9486404833836858
ResNet50,0.8025641025641026,0.9484848484848485
ResNet50,0.8,0.9483282674772037
ResNet50,0.7974358974358975,0.948170731707317
ResNet50,0.7948717948717948,0.9480122324159022
ResNet50,0.7923076923076923,0.9478527607361963
ResNet50,0.7897435897435897,0.9476923076923077
ResNet50,0.7897435897435897,0.9506172839506173
ResNet50,0.7871794871794872,0.9504643962848297
ResNet50,0.7871794871794872,0.953416149068323
ResNet50,0.7871794871794872,0.956386292834891
ResNet50,0.7846153846153846,0.95625
ResNet50,0.782051282051282,0.9561128526645768
ResNet50,0.7794871794871795,0.9559748427672956
ResNet50,0.7769230769230769,0.9558359621451105
ResNet50,0.7743589743589744,0.9556962025316456
ResNet50,0.7717948717948718,0.9555555555555556
ResNet50,0.7692307692307693,0.9554140127388535
ResNet50,0.7692307692307693,0.9584664536741214
ResNet50,0.7692307692307693,0.9615384615384616
ResNet50,0.7666666666666667,0.9614147909967846
ResNet50,0.7666666666666667,0.964516129032258
ResNet50,0.7666666666666667,0.9676375404530745
ResNet50,0.764102564102564,0.9675324675324676
ResNet50,0.7615384615384615,0.9674267100977199
ResNet50,0.7589743589743589,0.9673202614379085
ResNet50,0.7564102564102564,0.9672131147540983
ResNet50,0.7538461538461538,0.9671052631578947
ResNet50,0.7512820512820513,0.966996699669967
ResNet50,0.7487179487179487,0.9668874172185431
ResNet50,0.7461538461538462,0.9667774086378738
ResNet50,0.7435897435897436,0.9666666666666667
ResNet50,0.7410256410256411,0.9665551839464883
ResNet50,0.7384615384615385,0.9664429530201343
ResNet50,0.735897435897436,0.9663299663299664
ResNet50,0.7333333333333333,0.9662162162162162
ResNet50,0.7307692307692307,0.9661016949152542
ResNet50,0.7282051282051282,0.9659863945578231
ResNet50,0.7256410256410256,0.9658703071672355
ResNet50,0.7230769230769231,0.9657534246575342
ResNet50,0.7205128205128205,0.9656357388316151
ResNet50,0.7205128205128205,0.9689655172413794
ResNet50,0.717948717948718,0.9688581314878892
ResNet50,0.7153846153846154,0.96875
ResNet50,0.7128205128205128,0.9686411149825784
ResNet50,0.7128205128205128,0.972027972027972
ResNet50,0.7102564102564103,0.9719298245614035
ResNet50,0.7076923076923077,0.971830985915493
ResNet50,0.7051282051282052,0.9717314487632509
ResNet50,0.7025641025641025,0.9716312056737588
ResNet50,0.7025641025641025,0.9750889679715302
ResNet50,0.7,0.975
ResNet50,0.6974358974358974,0.974910394265233
ResNet50,0.6948717948717948,0.9748201438848921
ResNet50,0.6923076923076923,0.9747292418772563
ResNet50,0.6897435897435897,0.9746376811594203
ResNet50,0.6871794871794872,0.9745454545454545
ResNet50,0.6846153846153846,0.9744525547445255
ResNet50,0.6820512820512821,0.9743589743589743
ResNet50,0.6794871794871795,0.9742647058823529
ResNet50,0.676923076923077,0.974169741697417
ResNet50,0.6743589743589744,0.9740740740740741
ResNet50,0.6717948717948717,0.9739776951672863
ResNet50,0.6692307692307692,0.9738805970149254
ResNet50,0.6666666666666666,0.9737827715355806
ResNet50,0.6641025641025641,0.9736842105263158
ResNet50,0.6615384615384615,0.9735849056603774
ResNet50,0.6615384615384615,0.9772727272727273
ResNet50,0.658974358974359,0.9771863117870723
ResNet50,0.6564102564102564,0.9770992366412213
ResNet50,0.6564102564102564,0.9808429118773946
ResNet50,0.6564102564102564,0.9846153846153847
ResNet50,0.6538461538461539,0.9845559845559846
ResNet50,0.6512820512820513,0.9844961240310077
ResNet50,0.6487179487179487,0.9844357976653697
ResNet50,0.6461538461538462,0.984375
ResNet50,0.6435897435897436,0.984313725490196
ResNet50,0.6410256410256411,0.984251968503937
ResNet50,0.6384615384615384,0.9841897233201581
ResNet50,0.6358974358974359,0.9841269841269841
ResNet50,0.6333333333333333,0.9840637450199203
ResNet50,0.6307692307692307,0.984
ResNet50,0.6282051282051282,0.9839357429718876
ResNet50,0.6230769230769231,0.9838056680161943
ResNet50,0.6205128205128205,0.983739837398374
ResNet50,0.617948717948718,0.9836734693877551
ResNet50,0.6153846153846154,0.9836065573770492
ResNet50,0.6128205128205129,0.9835390946502057
ResNet50,0.6102564102564103,0.9834710743801653
ResNet50,0.6076923076923076,0.983402489626556
ResNet50,0.6051282051282051,0.9833333333333333
ResNet50,0.6025641025641025,0.9832635983263598
ResNet50,0.6,0.9831932773109243
ResNet50,0.5974358974358974,0.9831223628691983
ResNet50,0.5948717948717949,0.9830508474576272
ResNet50,0.5923076923076923,0.9829787234042553
ResNet50,0.5897435897435898,0.9829059829059829
ResNet50,0.5871794871794872,0.9828326180257511
ResNet50,0.5846153846153846,0.9827586206896551
ResNet50,0.5820512820512821,0.9826839826839827
ResNet50,0.5794871794871795,0.9826086956521739
ResNet50,0.5769230769230769,0.982532751091703
ResNet50,0.5769230769230769,0.9868421052631579
ResNet50,0.5769230769230769,0.9911894273127754
ResNet50,0.5743589743589743,0.9911504424778761
ResNet50,0.5717948717948718,0.9911111111111112
ResNet50,0.5692307692307692,0.9910714285714286
ResNet50,0.5692307692307692,0.9955156950672646
ResNet50,0.5666666666666667,0.9954954954954955
ResNet50,0.5641025641025641,0.995475113122172
ResNet50,0.5615384615384615,0.9954545454545455
ResNet50,0.558974358974359,0.9954337899543378
ResNet50,0.5564102564102564,0.9954128440366973
ResNet50,0.5538461538461539,0.9953917050691244
ResNet50,0.5512820512820513,0.9953703703703703
ResNet50,0.5487179487179488,0.9953488372093023
ResNet50,0.5461538461538461,0.9953271028037384
ResNet50,0.5435897435897435,0.9953051643192489
ResNet50,0.541025641025641,0.9952830188679245
ResNet50,0.5384615384615384,0.995260663507109
ResNet50,0.5358974358974359,0.9952380952380953
ResNet50,0.5333333333333333,0.9952153110047847
ResNet50,0.5307692307692308,0.9951923076923077
ResNet50,0.5282051282051282,0.9951690821256038
ResNet50,0.5256410256410257,0.9951456310679612
ResNet50,0.5230769230769231,0.9951219512195122
ResNet50,0.5205128205128206,0.9950980392156863
ResNet50,0.517948717948718,0.9950738916256158
ResNet50,0.5153846153846153,0.995049504950495
ResNet50,0.5128205128205128,0.9950248756218906
ResNet50,0.5076923076923077,0.9949748743718593
ResNet50,0.5051282051282051,0.9949494949494949
ResNet50,0.5025641025641026,0.9949238578680203
ResNet50,0.5,0.9948979591836735
ResNet50,0.49743589743589745,0.9948717948717949
ResNet50,0.4948717948717949,0.9948453608247423
ResNet50,0.49230769230769234,0.9948186528497409
ResNet50,0.4897435897435897,0.9947916666666666
ResNet50,0.48717948717948717,0.9947643979057592
ResNet50,0.4846153846153846,0.9947368421052631
ResNet50,0.48205128205128206,0.9947089947089947
ResNet50,0.4794871794871795,0.9946808510638298
ResNet50,0.47692307692307695,0.9946524064171123
ResNet50,0.47435897435897434,0.9946236559139785
ResNet50,0.4717948717948718,0.9945945945945946
ResNet50,0.46923076923076923,0.9945652173913043
ResNet50,0.4666666666666667,0.994535519125683
ResNet50,0.4641025641025641,0.9945054945054945
ResNet50,0.46153846153846156,0.994475138121547
ResNet50,0.45897435897435895,0.9944444444444445
ResNet50,0.4564102564102564,0.994413407821229
ResNet50,0.45384615384615384,0.9943820224719101
ResNet50,0.4512820512820513,0.9943502824858758
ResNet50,0.44871794871794873,0.9943181818181818
ResNet50,0.44358974358974357,0.9942528735632183
ResNet50,0.441025641025641,0.9942196531791907
ResNet50,0.43846153846153846,0.9941860465116279
ResNet50,0.4358974358974359,0.9941520467836257
ResNet50,0.43333333333333335,0.9941176470588236
ResNet50,0.4307692307692308,0.9940828402366864
ResNet50,0.4282051282051282,0.9940476190476191
ResNet50,0.4256410256410256,0.9940119760479041
ResNet50,0.4230769230769231,0.9939759036144579
ResNet50,0.4205128205128205,0.9939393939393939
ResNet50,0.41794871794871796,0.9939024390243902
ResNet50,0.4153846153846154,0.9938650306748467
ResNet50,0.4128205128205128,0.9938271604938271
ResNet50,0.41025641025641024,0.9937888198757764
ResNet50,0.4076923076923077,0.99375
ResNet50,0.40512820512820513,0.9937106918238994
ResNet50,0.4025641025641026,0.9936708860759493
ResNet50,0.4,0.9936305732484076
ResNet50,0.3974358974358974,0.9935897435897436
ResNet50,0.39487179487179486,0.9935483870967742
ResNet50,0.3923076923076923,0.9935064935064936
ResNet50,0.38974358974358975,0.9934640522875817
ResNet50,0.3871794871794872,0.993421052631579
ResNet50,0.38461538461538464,0.9933774834437086
ResNet50,0.382051282051282,0.9933333333333333
ResNet50,0.37948717948717947,0.9932885906040269
ResNet50,0.3769230769230769,0.9932432432432432
ResNet50,0.37435897435897436,0.9931972789115646
ResNet50,0.3717948717948718,0.9931506849315068
ResNet50,0.36923076923076925,0.993103448275862
ResNet50,0.36666666666666664,0.9930555555555556
ResNet50,0.3641025641025641,0.993006993006993
ResNet50,0.36153846153846153,0.9929577464788732
ResNet50,0.358974358974359,0.9929078014184397
ResNet50,0.3564102564102564,0.9928571428571429
ResNet50,0.35384615384615387,0.9928057553956835
ResNet50,0.35128205128205126,0.9927536231884058
ResNet50,0.3487179487179487,0.9927007299270073
ResNet50,0.34615384615384615,0.9926470588235294
ResNet50,0.3435897435897436,0.9925925925925926
ResNet50,0.34102564102564104,0.9925373134328358
ResNet50,0.3384615384615385,0.9924812030075187
ResNet50,0.33589743589743587,0.9924242424242424
ResNet50,0.3333333333333333,0.9923664122137404
ResNet50,0.33076923076923076,0.9923076923076923
ResNet50,0.3282051282051282,0.9922480620155039
ResNet50,0.32564102564102565,0.9921875
ResNet50,0.3230769230769231,0.9921259842519685
ResNet50,0.32051282051282054,0.9920634920634921
ResNet50,0.31794871794871793,0.992
ResNet50,0.3153846153846154,0.9919354838709677
ResNet50,0.3128205128205128,0.991869918699187
ResNet50,0.31025641025641026,0.9918032786885246
ResNet50,0.3076923076923077,0.9917355371900827
ResNet50,0.30512820512820515,0.9916666666666667
ResNet50,0.30256410256410254,0.9915966386554622
ResNet50,0.3,0.9915254237288136
ResNet50,0.29743589743589743,0.9914529914529915
ResNet50,0.2948717948717949,0.9913793103448276
ResNet50,0.2923076923076923,0.991304347826087
ResNet50,0.28974358974358977,0.9912280701754386
ResNet50,0.28717948717948716,0.9911504424778761
ResNet50,0.2846153846153846,0.9910714285714286
ResNet50,0.28205128205128205,0.990990990990991
ResNet50,0.2794871794871795,0.990909090909091
ResNet50,0.27692307692307694,0.9908256880733946
ResNet50,0.2743589743589744,0.9907407407407407
ResNet50,0.2717948717948718,0.9906542056074766
ResNet50,0.2692307692307692,0.9905660377358491
ResNet50,0.26666666666666666,0.9904761904761905
ResNet50,0.2641025641025641,0.9903846153846154
ResNet50,0.26153846153846155,0.9902912621359223
ResNet50,0.26153846153846155,1.0
ResNet50,0.258974358974359,1.0
ResNet50,0.2564102564102564,1.0
ResNet50,0.25384615384615383,1.0
ResNet50,0.2512820512820513,1.0
ResNet50,0.24871794871794872,1.0
ResNet50,0.24615384615384617,1.0
ResNet50,0.24358974358974358,1.0
ResNet50,0.24102564102564103,1.0
ResNet50,0.23846153846153847,1.0
ResNet50,0.2358974358974359,1.0
ResNet50,0.23333333333333334,1.0
ResNet50,0.23076923076923078,1.0
ResNet50,0.2282051282051282,1.0
ResNet50,0.22564102564102564,1.0
ResNet50,0.2230769230769231,1.0
ResNet50,0.2205128205128205,1.0
ResNet50,0.21794871794871795,1.0
ResNet50,0.2153846153846154,1.0
ResNet50,0.2128205128205128,1.0
ResNet50,0.21025641025641026,1.0
ResNet50,0.2076923076923077,1.0
ResNet50,0.20512820512820512,1.0
ResNet50,0.20256410256410257,1.0
ResNet50,0.2,1.0
ResNet50,0.19743589743589743,1.0
ResNet50,0.19487179487179487,1.0
ResNet50,0.19230769230769232,1.0
ResNet50,0.18974358974358974,1.0
ResNet50,0.18717948717948718,1.0
ResNet50,0.18461538461538463,1.0
ResNet50,0.18205128205128204,1.0
ResNet50,0.1794871794871795,1.0
ResNet50,0.17692307692307693,1.0
ResNet50,0.17435897435897435,1.0
ResNet50,0.1717948717948718,1.0
ResNet50,0.16923076923076924,1.0
ResNet50,0.16666666666666666,1.0
ResNet50,0.1641025641025641,1.0
ResNet50,0.16153846153846155,1.0
ResNet50,0.15897435897435896,1.0
ResNet50,0.1564102564102564,1.0
ResNet50,0.15384615384615385,1.0
ResNet50,0.15128205128205127,1.0
ResNet50,0.14871794871794872,1.0
ResNet50,0.14615384615384616,1.0
ResNet50,0.14358974358974358,1.0
ResNet50,0.14102564102564102,1.0
ResNet50,0.13846153846153847,1.0
ResNet50,0.1358974358974359,1.0
ResNet50,0.13333333333333333,1.0
ResNet50,0.13076923076923078,1.0
ResNet50,0.1282051282051282,1.0
ResNet50,0.12564102564102564,1.0
ResNet50,0.12307692307692308,1.0
ResNet50,0.12051282051282051,1.0
ResNet50,0.11794871794871795,1.0
ResNet50,0.11538461538461539,1.0
ResNet50,0.11025641025641025,1.0
ResNet50,0.1076923076923077,1.0
ResNet50,0.10512820512820513,1.0
ResNet50,0.10256410256410256,1.0
ResNet50,0.1,1.0
ResNet50,0.09743589743589744,1.0
ResNet50,0.09487179487179487,1.0
ResNet50,0.09230769230769231,1.0
ResNet50,0.08974358974358974,1.0
ResNet50,0.08717948717948718,1.0
ResNet50,0.08461538461538462,1.0
ResNet50,0.08205128205128205,1.0
ResNet50,0.07948717948717948,1.0
ResNet50,0.07692307692307693,1.0
ResNet50,0.07435897435897436,1.0
ResNet50,0.07179487179487179,1.0
ResNet50,0.06923076923076923,1.0
ResNet50,0.06666666666666667,1.0
ResNet50,0.0641025641025641,1.0
ResNet50,0.06153846153846154,1.0
ResNet50,0.05897435897435897,1.0
ResNet50,0.05641025641025641,1.0
ResNet50,0.05384615384615385,1.0
ResNet50,0.05128205128205128,1.0
ResNet50,0.04871794871794872,1.0
ResNet50,0.046153846153846156,1.0
ResNet50,0.04358974358974359,1.0
ResNet50,0.041025641025641026,1.0
ResNet50,0.038461538461538464,1.0
ResNet50,0.035897435897435895,1.0
ResNet50,0.03333333333333333,1.0
ResNet50,0.03076923076923077,1.0
ResNet50,0.028205128205128206,1.0
ResNet50,0.02564102564102564,1.0
ResNet50,0.023076923076923078,1.0
ResNet50,0.020512820512820513,1.0
ResNet50,0.017948717948717947,1.0
ResNet50,0.015384615384615385,1.0
ResNet50,0.01282051282051282,1.0
ResNet50,0.010256410256410256,1.0
ResNet50,0.007692307692307693,1.0
ResNet50,0.005128205128205128,1.0
ResNet50,0.002564102564102564,1.0
ResNet50,0.0,1.0
